10 Brand Marketing Trends To Watch In 2019,Top Posts,Content Marketing,https://www.forbes.com/sites/michaelstone/2019/01/28/10-brand-marketing-trends-to-watch-in-2019/#489ea58e4708,Posts>Recommended for you>Industry>Accounting/Finance|Posts>Recommended for you>Industry>Marketing/PR,,Blogs,E126
10 Digital Healthcare Analytics Every Provider & Payer Should Measure in 2019,,,,Posts>Recommended for you>Industry>Healthcare,,Blogs,
10 Healthcare Marketing Strategies and Trends Shaping 2019,,,,Posts>Recommended for you>Industry>Healthcare|Posts>Recommended for you>Industry>Marketing/PR,,Blogs,
10 Important 2019 SEO Trends You Need to Know,Top Posts,Marketing/Analytics/SEO,https://www.searchenginejournal.com/seo-trends/281053/,,,Blogs,E118
11 Digital Marketing Trends You Can No Longer Ignore in 2019,Recommended for you,Marketing & PR,https://www.singlegrain.com/digital-marketing/11-digital-marketing-trends-you-can-no-longer-ignore-in-2018/,Posts>Recommended for you>Industry>Marketing/PR,,Blogs,E23
12 Powerful PR Trends That Will Shape Your Strategy for 2019,Recommended for you,Marketing & PR,https://b2bprblog.marxcommunications.com/b2bpr/pr-trends-pr-strategy,Posts>Recommended for you>Industry>Marketing/PR,,Blogs,E24
12 Reasons A Website Revamp is Exactly What You Should Do,Recommended for you,Online Store & Retail,https://www.pixelproductionsinc.com/12-reasons-a-website-revamp-is-exactly-what-you-should-do/,Posts>Recommended for you>Industry>Online Stores/Retail,,Blogs,E12
13 Video Trends We're Super Excited About for 2019,How To's,Video,https://wistia.com/learn/marketing/video-trends-2019,,,Blogs,E112
15 Minute Beauty Fanatic,Recommended for you,Fashion & Beauty,https://www.15minutebeauty.com/,Posts>Recommended for you>Industry>Fashion &amp; Beauty,,Blogs,E49
16 Ecommerce Trends That Will Drive Sales in 2019 – Shopify,Recommended for you,Online Store & Retail,https://www.shopify.com/partners/blog/ecommerce-trends-2019,Posts>Recommended for you>Industry>Online Stores/Retail,,Blogs,E15
19 Real Estate Marketing Ideas & Trends That Will Dominate 2019,Recommended for you,Real Estate,https://theclose.com/real-estate-marketing-ideas/,Posts>Recommended for you>Industry>Real Estate,,Blogs,E17
27 of the Best Social Media Infographic Tips (You Will Wow Your Followers),Top Posts,Social Media,https://visme.co/blog/social-media-infographic/,,,Blogs,E134
4 tech trends to shape agriculture in 2019,Recommended for you,Agriculture,https://www.bizcommunity.com/Article/196/707/188024.html,Posts>Recommended for you>Industry>Agriculture,,Blogs,E34
40 Visual Symbols Every Communicator Needs to Know,Recommended for you,Visual Arts,https://visme.co/blog/symbols-and-meanings/,Posts>Recommended for you>Industry>Visual Arts,,Blogs,E45
5 Content Marketing Trends To Watch In 2019,Top Posts,Content Marketing,https://www.forbes.com/sites/johnhall/2018/10/14/5-content-marketing-trends-to-watch-in-2019/#22f0ccc81202,Posts>Recommended for you>Industry>Accounting/Finance,,Blogs,E125
5 Marketing Trends To Pay Attention To In 2019,Top Posts,Marketing/Analytics/SEO,https://www.forbes.com/sites/johnhall/2018/06/17/5-marketing-trends-to-pay-attention-to-in-2019/#2e75b01060f7,Posts>Recommended for you>Industry>Real Estate,,Blogs,E120
5 Online Logo Makers & Generators to Design Your Brand,How To's,Logo,https://www.shopify.com/blog/online-logo-makers,,,Blogs,E104
5 Real Estate Marketing Trends That You Need To Know About in 2019,Recommended for you,Real Estate,https://rehrealestate.com/5-real-estate-marketing-trends-that-you-need-to-know-about-in-2019/,Posts>Recommended for you>Industry>Real Estate,,Blogs,E18
5 Trends in Technology Content Marketing to Watch in 2019,,,,Posts>Recommended for you>Industry>Technology,,Blogs,
5 trends that will define retail marketing in 2019,Recommended for you,Online Store & Retail,https://www.retaildive.com/news/5-trends-that-will-define-retail-marketing-in-2019/545466/,Posts>Recommended for you>Industry>Online Stores/Retail,,Blogs,E13
5 Trends That Will Drive Online Shopping In 2019,Recommended for you,Online Store & Retail,https://www.forbes.com/sites/braintree/2018/11/12/5-trends-that-will-drive-online-shopping-in-2019/#799fec46384a,Posts>Recommended for you>Industry>Online Stores/Retail,,Blogs,E14
5 Visual Marketing Facts You Need to Know,Top Posts,Content Marketing,https://www.pixlee.com/blog/5-visual-marketing-facts-you-need-to-know/,,,Blogs,E124
50 Beautiful Presentation Background Templates [Edit and Download],How To's,Graphic Design,https://visme.co/blog/presentation-background/,,,Blogs,E106
6 legal marketing trends for 2019,Recommended for you,Legal,https://legalnewsline.com/stories/511787779-6-legal-marketing-trends-for-2019,Posts>Recommended for you>Industry>Legal,,Blogs,E27
6 Major Trends for B2B Technology Marketers in 2019 According to the Content Marketing Institute,,,,Posts>Recommended for you>Industry>Technology,,Blogs,
6 Psychology-Backed Hacks for Making Engaging Videos,How To's,Video,https://blog.hubspot.com/marketing/psychology-hacks-for-making-engaging-videos,,,Blogs,
6 Social Media Trends for Medical Marketers to Follow in 2019,,,,Posts>Recommended for you>Industry>Healthcare,,Blogs,
7 Video Marketing Trends to Look Out for in 2019,How To's,Video,https://animoto.com/blog/video-marketing/video-marketing-trends-2019/,,,Blogs,E110
7 Ways to Create More Engaging Videos That Rank Higher in YouTube,How To's,Video,https://www.entrepreneur.com/article/225791,,,Blogs,E111
8 Ag Tech Start-Ups Worth Watching in 2019,Recommended for you,Agriculture,https://www.agriculture.com/news/technology/9-ag-tech-start-ups-worth-watching-in-2019,Posts>Recommended for you>Industry>Agriculture|Posts>Recommended for you>Industry>Technology,,Blogs,E37
9 Ways Financial Marketers Can Get Content Marketing Right,Recommended for you,Accounting & Finance,https://thefinancialbrand.com/78105/bank-credit-union-content-marketing-tips/,Posts>Recommended for you>Industry>Accounting/Finance|Posts>Recommended for you>Industry>Marketing/PR,,Blogs,E32
A Guide to Designing Cute Quote Graphics – Learn,How To's,Graphic Design,https://www.canva.com/learn/guide-designing-cute-quote-graphics/,,,Blogs,E107
A Non-Designer’s Guide to Creating Memorable Visual Presentations [Free E-Book],How To's,Graphic Design,https://visme.co/blog/presentation-design/,,,Blogs,E108
A step-by-step guide to creating a marketing animation | Smart Insights,How To's,Animation,https://www.smartinsights.com/digital-marketing-platforms/video-marketing/animation-guide/,,,Blogs,E115
ACE Healthy Living,Recommended for you,Health & Fitness,https://www.acefitness.org/education-and-resources/lifestyle/blog,Posts>Recommended for you>Industry>Health &amp; Fitness,,Blogs,E65
Adventure Travel & Photography Blog,Recommended for you,Travel & Lifestyle,https://expertvagabond.com,Posts>Recommended for you>Industry>Health &amp; Fitness,,Blogs,E74
Advertising Trends You Should Consider in 2019,Recommended for you,Marketing & PR,https://www.entrepreneur.com/article/326236,Posts>Recommended for you>Industry>Marketing/PR,,Blogs,E25
Advice for successfully implementing a pathways program,Recommended for you,Education,http://www.insidehighered.com/views/2019/06/19/advice-successfully-implementing-pathways-program-opinion,Posts>Recommended for you>Industry>Education,,Blogs,E81
All Songs Considered,Recommended for you,Music,https://www.npr.org/sections/allsongs/,Posts>Recommended for you>Industry>Music,,Blogs,E70
"Anytime Fitness Blog - Workouts, Recipes, and Weight Loss",Recommended for you,Health & Fitness,http://blog.anytimefitness.com,Posts>Recommended for you>Industry>Health &amp; Fitness,,Blogs,E67
Art F City,Recommended for you,Visual Arts,http://artfcity.com,Posts>Recommended for you>Industry>Visual Arts,,Blogs,E46
"Art, Photo, Design & Film",Recommended for you,Visual Arts,https://www.booooooom.com,Posts>Recommended for you>Industry>Visual Arts,,Blogs,E48
ARTnews Spring 2018 Cover,Recommended for you,Visual Arts,http://www.artnews.com,Posts>Recommended for you>Industry>Visual Arts,,Blogs,E47
Black Girls Run,Recommended for you,Health & Fitness,https://blackgirlsrun.com/blogs/blog,Posts>Recommended for you>Industry>Health &amp; Fitness,,Blogs,E63
"Blogilates | Health, Fitness, Food, Body Image & More",Recommended for you,Health & Fitness,https://www.blogilates.com/blog/,Posts>Recommended for you>Industry>Health &amp; Fitness,,Blogs,E64
Brand Identity: How to Build One with an Animated Marketing Video,How To's,Animation,https://mention.com/blog/build-brand-identity-animated-marketing-video/,,,Blogs,E116
Business Insider France,Recommended for you,Entertainment & Media,https://www.businessinsider.com/,Posts>Recommended for you>Industry>Entertainment &amp; Media,,Blogs,E41
BuzzFeed,Recommended for you,Entertainment & Media,https://www.buzzfeed.com,Posts>Recommended for you>Industry>Entertainment &amp; Media,,Blogs,E42
Charlotte Hilton Andersen,Recommended for you,Health & Fitness,http://www.thegreatfitnessexperiment.com/,Posts>Recommended for you>Industry>Health &amp; Fitness,,Blogs,E66
Charming But Cheap Bedroom Decorating Ideas,Recommended for you,Home & Living,https://www.thebudgetdecorator.com/6-cheap-bedroom-decorating-ideas/,Posts>Recommended for you>Industry>Home &amp; Living,,Blogs,E86
Content Marketing Trends in the Agriculture Industry,Recommended for you,Agriculture,https://www.writeraccess.com/blog/content-marketing-trends-in-the-agriculture-industry/,Posts>Recommended for you>Industry>Agriculture|Posts>Recommended for you>Industry>Marketing/PR,,Blogs,E35
Cupcakes & Cashmere,Recommended for you,Travel & Lifestyle,https://cupcakesandcashmere.com/,Posts>Recommended for you>Industry>Travel &amp; Lifestyle,,Blogs,E73
Digital Learning Leaders and the Demographic Reckoning | Inside Higher Ed,Recommended for you,Education,http://www.insidehighered.com/digital-learning/blogs/technology-and-learning/digital-learning-leaders-and-demographic-reckoning,Posts>Recommended for you>Industry>Education|Posts>Recommended for you>Industry>Technology,,Blogs,E78
Digital Marketing Trends for the Modern Tech Company - B2B Marketing Agency | Elevation B2B,,,,Posts>Recommended for you>Industry>Marketing/PR|Posts>Recommended for you>Industry>Technology,,Blogs,
"Easy Recipes, Quick Recipes, Best Recipes | Just a Taste",Recommended for you,Food & Drink,https://www.justataste.com,Posts>Recommended for you>Industry>Food &amp; Drink,,Blogs,E61
Effective Facebook Marketing Strategies For 2019 (Live on Stage),Top Posts,Marketing/Analytics/SEO,https://youtu.be/c21cHrw5b9g,,,Blogs,Y125
Emerging Roles of AI in Education | Inside Higher Ed,Recommended for you,Education,http://www.insidehighered.com/digital-learning/blogs/online-trending-now/emerging-roles-ai-education,Posts>Recommended for you>Industry>Education|Posts>Recommended for you>Industry>Technology,,Blogs,E78
Engadget,Recommended for you,Entertainment & Media,https://www.engadget.com/entertainment/,Posts>Recommended for you>Industry>Entertainment &amp; Media,,Blogs,E39
Finance content marketing trends for 2019 - The Dubs,Recommended for you,Accounting & Finance,https://www.thedubs.com/finance-content-marketing-trends-2019/,Posts>Recommended for you>Industry>Accounting/Finance|Posts>Recommended for you>Industry>Marketing/PR,,Blogs,E33
Five trends that will change how businesses use social media in 2019,Top Posts,Social Media,https://business.financialpost.com/entrepreneur/five-trends-that-will-change-how-businesses-use-social-media-in-2019,Posts>Recommended for you>Industry>Agriculture|Posts>Recommended for you>Industry>Technology,,Blogs,E129
Five trends that will reshape media in 2019,Top Posts,Marketing/Analytics/SEO,https://www.marketingweek.com/2019/01/04/five-trends-media-2019/,Posts>Recommended for you>Industry>Accounting/Finance|Posts>Recommended for you>Industry>Technology,,Blogs,E121
Fixing Photography,How To's,Photo,https://medium.com/@Zimberoff/disrupting-stock-photography-fffe1c7d5b99,,,Blogs,E95
Food & Wine,Recommended for you,Food & Drink,https://www.foodandwine.com,Posts>Recommended for you>Industry>Food &amp; Drink,,Blogs,E57
Food Babe,Recommended for you,Food & Drink,https://foodbabe.com,Posts>Recommended for you>Industry>Food &amp; Drink,,Blogs,E58
"Food Community, Recipes, Kitchen‌ & Home Products, Cooking Contests",Recommended for you,Food & Drink,https://food52.com,Posts>Recommended for you>Industry>Food &amp; Drink,,Blogs,E59
Gal Meets Glam,Recommended for you,Fashion & Beauty,https://galmeetsglam.com/,Posts>Recommended for you>Industry>Travel &amp; Lifestyle,,Blogs,E55
Gorgeous Flea Market Flips : Before and After Furniture Makeovers,Recommended for you,Home & Living,https://www.thebudgetdecorator.com/flea-market-flips-before-and-afters/,Posts>Recommended for you>Industry>Home &amp; Living,,Blogs,E87
Ground-Breaking PR Trends That are Going to Dominate 2019,Recommended for you,Marketing & PR,https://www.entrepreneur.com/article/329777,Posts>Recommended for you>Industry>Marketing/PR,,Blogs,E26
"Grow Faster, Grow Stronger: Speed-Breeding Crops to Feed the Future",Recommended for you,Agriculture,https://www.nytimes.com/2019/06/17/science/food-agriculture-genetics.html?rref=collection%2Ftimestopic%2FAgriculture%20and%20Farming&action=click&contentCollection=timestopics&region=stream&module=stream_unit&version=latest&contentPlacement=2&pgtype=collection,Posts>Recommended for you>Industry>Agriculture,,Blogs,E36
Head to Toe Blueprints for Styling a Classic Themed Wedding,Recommended for you,Wedding,https://www.stylemepretty.com/2018/10/07/head-to-toe-blueprints-for-styling-a-classic-themed-wedding/,Posts>Recommended for you>Industry>Wedding,,Blogs,E90
Healthcare IT News,,,,Posts>Recommended for you>Industry>Healthcare,,Blogs,
Hi-Fructose Magazine,Recommended for you,Visual Arts,https://hifructose.com,Posts>Recommended for you>Industry>Visual Arts,,Blogs,E44
How Animation Can Become a Part of Your Digital Marketing Strategy,How To's,Animation,https://curatti.com/animation-digital-marketing-strategy/,,,Blogs,E117
How do you choose colors for a real estate logo? | 99designs,Recommended for you,Real Estate,https://99designs.com/logo-design/psychology-of-color/real-estate,,,Blogs,E21
How to Brainstorm the Perfect Logo for Your Business,How To's,Logo,https://visme.co/blog/logo-ideas/,,,Blogs,
How to Choose the Best Memes for Social Media Marketing,Top Posts,Social Media,https://visme.co/blog/best-memes/,,,Blogs,E132
How to Create A Starter Website For Your Business | Small Business BC,How To's,Website,https://smallbusinessbc.ca/article/create-starter-website-business/,,,Blogs,E100
How to Make an Infographic: A Visual Guide for Beginners [Free E-Book],How To's,Graphic Design,https://visme.co/blog/how-to-make-an-infographic/,,,Blogs,E105
How to Reupholster a Chair,Recommended for you,Home & Living,https://www.thebudgetdecorator.com/how-to-reupholster-a-chair/,Posts>Recommended for you>Industry>Home &amp; Living,,Blogs,E88
Image SEO is on the rise again. Here is what you need to know to stay ahead.,Top Posts,Marketing/Analytics/SEO,https://visme.co/blog/image-seo/,,,Blogs,E123
In Their Own Words: Why Top Photographers Use Photoshop,How To's,Photo,https://www.creativelive.com/blog/why-photographers-use-photoshop/,,,Blogs,E98
Ken's Trends: Law Firm Marketing in 2019,Recommended for you,Legal,https://www.pilmma.org/blog/2019/01/2019-personal-injury-law-firm-marketing-trends/,Posts>Recommended for you>Industry>Legal,,Blogs,E28
Kitchn,Recommended for you,Food & Drink,https://www.thekitchn.com,Posts>Recommended for you>Industry>Food &amp; Drink,,Blogs,E60
Law Firm Marketing Strategy in a Digital World,Recommended for you,Legal,https://www.bluecorona.com/blog/law-firm-marketing-online,Posts>Recommended for you>Industry>Legal,,Blogs,E29
Legal Marketing Trends for 2019 and Beyond,Recommended for you,Legal,https://seo.co/legal-marketing-trends/,Posts>Recommended for you>Industry>Legal|Posts>Recommended for you>Industry>Marketing/PR,,Blogs,E30
Legal Marketing Trends to Look Out for in 2019,Recommended for you,Legal,https://www.staceyeburke.com/blog/legal-marketing-trends/,Posts>Recommended for you>Industry>Legal|Posts>Recommended for you>Industry>Marketing/PR,,Blogs,E31
"Logo Design Tips, Logo News and How To Blogs | Logo Maker",How To's,Logo,https://www.logomaker.com/blog/,,,Blogs,E102
"Marketing to Farmers, Ag Digital Marketing Guide",Recommended for you,Agriculture,https://www.farmmarketid.com/marketing-to-farmers/,Posts>Recommended for you>Industry>Agriculture|Posts>Recommended for you>Industry>Marketing/PR,,Blogs,E38
"Men's Fashion, Style, Grooming, Fitness, Lifestyle, News & Politics",Recommended for you,Fashion & Beauty,https://www.gq.com,Posts>Recommended for you>Industry>Fashion &amp; Beauty,,Blogs,E54
Messy Nessy Chic,Recommended for you,Travel & Lifestyle,https://www.messynessychic.com,Posts>Recommended for you>Industry>Travel &amp; Lifestyle,,Blogs,E77
"Nerd Fitness: Helping You Lose Weight, Get Stronger, Live Better.",Recommended for you,Health & Fitness,https://www.nerdfitness.com/blog/,Posts>Recommended for you>Industry>Health &amp; Fitness,,Blogs,E62
Online Men's Lifestyle Magazine,Recommended for you,Travel & Lifestyle,https://www.menswearstyle.co.uk/,Posts>Recommended for you>Industry>Online Stores/Retail|Posts>Recommended for you>Industry>Travel &amp; Lifestyle,,Blogs,E76
Online Retail trends: 22 ecommerce predictions for 2019,Recommended for you,Online Store & Retail,https://www.connectpos.com/online-retail-trends-2019/#.XNm-ky2ZN24,Posts>Recommended for you>Industry>Online Stores/Retail,,Blogs,E16
Optimize Google My Business: How to Use Identity Photos,How To's,Photo,https://blog.reachlocal.com/how-to-optimize-your-google-my-business-information-using-identity-photos,Posts>Recommended for you>Industry>Technology,,Blogs,E96
Optimizing Your Web Content for Tech Companies,,,,,,Blogs,
Other Than That... | Inside Higher Ed,Recommended for you,Education,http://www.insidehighered.com/blogs/confessions-community-college-dean/other,Posts>Recommended for you>Industry>Education,,Blogs,E78
Patti Fletcher,,,,Posts>Recommended for you>Industry>Marketing/PR,,Blogs,
Pigeons & Planes: The Next Steps To Our Music Platform,Recommended for you,Music,https://pigeonsandplanes.com/,Posts>Recommended for you>Industry>Music,,Blogs,E72
Popular tracks / Hype Machine,Recommended for you,Music,https://hypem.com/popular?workaround..,Posts>Recommended for you>Industry>Music,,Blogs,E68
r/Music,Recommended for you,Music,https://www.reddit.com/r/Music/,Posts>Recommended for you>Industry>Music,,Blogs,E69
Real Brides Share Their Most Awkward Moments During Wedding Planning,Recommended for you,Wedding,https://www.stylemepretty.com/2019/06/13/real-brides-share-their-most-awkward-moments-during-wedding-planning/,Posts>Recommended for you>Industry>Wedding,,Blogs,E89
Rouge 18,Recommended for you,Fashion & Beauty,http://www.rouge18.com/,Posts>Recommended for you>Industry>Fashion &amp; Beauty,,Blogs,E53
Sharing and Attention in the Academic Gig Economy,Recommended for you,Education,http://www.insidehighered.com/blogs/library-babel-fish/sharing-and-attention-academic-gig-economy,Posts>Recommended for you>Industry>Education,,Blogs,E78
She's In The Glow,Recommended for you,Fashion & Beauty,https://shesintheglow.com/,Posts>Recommended for you>Industry>Fashion &amp; Beauty,,Blogs,E52
Six Content Marketing Trends For 2019,,,,Posts>Recommended for you>Industry>Legal|Posts>Recommended for you>Industry>Marketing/PR,,Blogs,
Six Important Reasons To Redesign Your Website,How To's,Website,https://www.forbes.com/sites/forbescommunicationscouncil/2017/06/13/six-important-reasons-to-redesign-your-website/#3c7062c47853,,,Blogs,E99
Slate’s Use of Your Data,Recommended for you,Entertainment & Media,https://slate.com,Posts>Recommended for you>Industry>Entertainment &amp; Media,,Blogs,E40
Social media marketing trends 2019,Top Posts,Social Media,https://www.smartinsights.com/social-media-marketing/social-media-strategy/social-media-marketing-trends-2019/,Posts>Recommended for you>Industry>Marketing/PR|Posts>Recommended for you>Industry>Technology,,Blogs,E135
Solo Female Travel Blog,Recommended for you,Travel & Lifestyle,https://theblondeabroad.com,,,Blogs,E75
Stay Cool with a DIY Stock Tank Pool!,Recommended for you,Home & Living,https://www.thebudgetdecorator.com/wanna-stay-cool-diy-a-stock-tank-pool/,Posts>Recommended for you>Industry>Travel &amp; Lifestyle,,Blogs,E84
Tech Product Website Trends & Ideas: From Startups To SaaS Pages,,,,Posts>Recommended for you>Industry>Technology,,Blogs,
TechCrunch – Startup and Technology News,,,,Posts>Recommended for you>Industry>Technology,,Blogs,
Technology Content Marketing: Top Trends + Brands,,,,Posts>Recommended for you>Industry>Marketing/PR|Posts>Recommended for you>Industry>Technology,,Blogs,
Technology Playlist,,,,Posts>Recommended for you>Industry>Technology,,Blogs,
The 11 Biggest Real Estate Trends You Need to Know in 2019,Recommended for you,Real Estate,https://www.followupboss.com/blog/11-biggest-real-estate-trends-need-know-2019/,Posts>Recommended for you>Industry>Real Estate,,Blogs,E19
The 7 Biggest Secrets Of Social Media Influencers,Top Posts,Social Media,https://www.forbes.com/sites/jaysondemers/2018/03/17/the-7-biggest-secrets-of-social-media-influencers/#7ba1dc4226a9,,,Blogs,E133
The 8 Marketing Trends to Watch in 2019 if You Want to Stay On Top!,Top Posts,Marketing/Analytics/SEO,https://www.pixelproductionsinc.com/the-8-marketing-trends-to-watch-in-2019/,Posts>Recommended for you>Industry>Marketing/PR|Posts>Recommended for you>Industry>Online Stores/Retail,,Blogs,E119
The Daily Beast,Recommended for you,Entertainment & Media,http://www.thedailybeast.com/,Posts>Recommended for you>Industry>Entertainment &amp; Media,,Blogs,E43
The Future of Content Marketing: 10 Biggest Content Marketing Trends that Will Dominate 2019,Top Posts,Content Marketing,https://www.coredna.com/blogs/content-marketing-trends,Posts>Top Posts>Content Marketing,,Blogs,E127
The Importance of Good Photography to Market Your Business - Posse Social Media,How To's,Photo,https://possesocialmedia.com/the-importance-of-good-photography-to-market-your-business/,,,Blogs,E97
The Importance of Social Media Marketing for Your Business &ndash; Gist,Top Posts,Social Media,https://blog.markgrowth.com/3-main-importance-of-social-media-marketing-for-your-business-6a5bb167df4a,,,Blogs,E131
"The Most Helpful Features to Add to Your Wedding Website, According to Past Brides",Recommended for you,Wedding,https://www.stylemepretty.com/2019/03/25/the-most-helpful-features-to-add-to-your-wedding-website-according-to-past-brides/,Posts>Recommended for you>Industry>Wedding,,Blogs,E91
The Sexy Vegan,Recommended for you,Food & Drink,http://www.thesexyvegan.com/,Posts>Recommended for you>Industry>Food &amp; Drink,,Blogs,E56
The Ultimate Honeymoon Packing List,Recommended for you,Wedding,https://www.stylemepretty.com/2019/06/07/the-ultimate-honeymoon-packing-list/,Posts>Recommended for you>Industry>Wedding,,Blogs,E92
The Ultimate Vendor Tipping Guide,Recommended for you,Wedding,https://www.stylemepretty.com/2019/06/14/the-ultimate-vendor-tipping-guide/,Posts>Recommended for you>Industry>Wedding,,Blogs,E93
Top 12 Real Estate Marketing Tactics for 2019 | Updated Post,Recommended for you,Real Estate,https://www.chatterbuzzmedia.com/blog/top-5-real-estate-marketing-tactics-for-2019/,Posts>Recommended for you>Industry>Marketing/PR|Posts>Recommended for you>Industry>Real Estate,,Blogs,E20
Top Healthcare Marketing Tips for 2019,,,,Posts>Recommended for you>Industry>Healthcare,,Blogs,
Top Real Estate Marketing Trends 2019 - Fronetics Real Estate Marketing,Recommended for you,Real Estate,https://www.froneticsrealestate.com/top-real-estate-marketing-trends-2019/,,,Blogs,E22
Top Real Estate Marketing Trends 2019 - Fronetics Real Estate Marketing,,,,Posts>Recommended for you>Industry>Real Estate,,Blogs,
Unleash The Power Of Path Animations With SVGator — Smashing Magazine,How To's,Animation,https://www.smashingmagazine.com/2019/06/unleash-power-path-animations-svgator/,,,Blogs,E114
Up Your Floral Game With These Trending Wedding Flower Ideas,Recommended for you,Wedding,https://www.stylemepretty.com/2018/03/19/trending-wedding-florals/,Posts>Recommended for you>Industry>Wedding,,Blogs,E94
US Digital Ad Spending Will Surpass Traditional in 2019,Top Posts,Marketing/Analytics/SEO,https://www.emarketer.com/content/us-digital-ad-spending-will-surpass-traditional-in-2019,Posts>Top Posts>Marketing/Analytics/SEO,,Blogs,E122
Verso Homepage,Recommended for you,Fashion & Beauty,https://www.allure.com,Posts>Recommended for you>Industry>Fashion &amp; Beauty,,Blogs,E51
Ways to Create Engaging Video Content for Social Media,How To's,Video,https://nealschaffer.com/6-powerful-ways-to-create-engaging-video-content-for-social-media/,,,Blogs,E109
We're Floored! Painted Floor Ideas & Projects,Recommended for you,Home & Living,https://www.thebudgetdecorator.com/diy-painted-floor-projects/,Posts>Recommended for you>Industry>Home &amp; Living,,Blogs,E85
What is a University Today? | Inside Higher Ed,Recommended for you,Education,http://www.insidehighered.com/blogs/higher-ed-gamma/what-university-today,Posts>Recommended for you>Industry>Education,,Blogs,E78
What's the purpose of logos and why do they matter?,How To's,Logo,https://logogeek.uk/logo-design/why-logos-matter/,,,Blogs,E103
Who What Wear,Recommended for you,Fashion & Beauty,https://www.whowhatwear.com,Posts>Recommended for you>Industry>Fashion &amp; Beauty,,Blogs,E50
Why Animated Video is the Best Strategy for Your Social Media,How To's,Animation,https://www.dreamgrow.com/animated-video/,,,Blogs,E113
Why Local Businesses Will Need Websites More than Ever in 2019,How To's,Website,https://moz.com/blog/local-businesses-need-websites,,,Blogs,E101
Why Social Media Is Important for Business Marketing | Marketing Insider Group,Top Posts,Social Media,https://marketinginsidergroup.com/content-marketing/why-social-media-is-important-for-business-marketing/,,,Blogs,E130
Your EDM | Electronic Dance Music News & EDM Reviews,Recommended for you,Music,https://www.youredm.com,Posts>Recommended for you>Industry>Music,,Blogs,E71