Section,Industry,Slug,Title,Author,Source,Image,Image Link
,,,,,,,
Recommended for you,Technology,technology,TechCrunch ‚Äì Startup and Technology News,Madeline Stein & Michael Stein,https://techcrunch.com/,E1,https://imgur.com/rVJeoIk
Recommended for you,Technology,technology,5 Trends in Technology Content Marketing to Watch in 2019,"The Content Standard by Skyword, Liz Alton",https://www.skyword.com/contentstandard/creativity/5-trends-in-technology-content-marketing-to-watch-in-2019/,E2,https://imgur.com/bi6HfgH
Recommended for you,Technology,technology,Digital Marketing Trends for the Modern Tech Company - B2B Marketing Agency | Elevation B2B,Elevationb2b,https://www.elevationb2b.com/blog/digital-marketing-trends-modern-tech-company,E3,https://imgur.com/lJqPiTw
Recommended for you,Technology,technology,6 Major Trends for B2B Technology Marketers in 2019 According to the Content Marketing Institute,"The Content Standard by Skyword, Paige Breaux",https://www.skyword.com/contentstandard/marketing/6-major-trends-for-b2b-technology-marketers-in-2019-according-to-the-content-marketing-institute/,E4,https://imgur.com/rdh51k6
Recommended for you,Technology,technology,Tech Product Website Trends & Ideas: From Startups To SaaS Pages,Vandelay Design,https://www.vandelaydesign.com/tech-web-design-trends/,E5,https://imgur.com/0PNwu0L
Recommended for you,Technology,technology,Technology Content Marketing: Top Trends + Brands,NewsCred,https://insights.newscred.com/technology-content-marketing/,E6,https://imgur.com/bzMjgQl
Recommended for you,Technology,technology,Optimizing Your Web Content for Tech Companies,Insivia,https://youtu.be/rpEqGIiwlec,,
Recommended for you,Technology,technology,What is UX Design? Defining User Experience Design & Explaining the Process,The Futur,https://youtu.be/CJnfAXlBRTE,,
Recommended for you,Technology,technology,The 2019 UI Design Crash Course for Beginners,DesignCourse,https://youtu.be/_Hp_dI0DzY4,,
Recommended for you,Technology,technology,Adobe XD Landing Page Design Tutorial with unDraw,Caler Edwards,https://youtu.be/KLCmXOdPw5o,,
Recommended for you,Technology,technology,Design for Startups by Garry Tan (Part 1),Y Combinator,https://youtu.be/9urYWGx2uNk,,
Recommended for you,Healthcare,healthcare,10 Healthcare Marketing Strategies and Trends Shaping 2019,Bluecorona,https://www.bluecorona.com/blog/healthcare-marketing-trends-strategies,E7,https://imgur.com/Ou7DbLg
Recommended for you,Healthcare,healthcare,6 Social Media Trends for Medical Marketers to Follow in 2019,Mdconnectinc,https://www.mdconnectinc.com/medical-marketing-insights/6-social-media-trends-2019,E8,https://imgur.com/3pvsiha
Recommended for you,Healthcare,healthcare,10 Digital Healthcare Analytics Every Provider & Payer Should Measure in 2019,Digital Authority Partners,https://www.digitalauthority.me/resources/healthcare-analytics/,E9,https://imgur.com/IkuY7Bz
Recommended for you,Healthcare,healthcare,Healthcare IT News,HIT Consultant Media,https://hitconsultant.net/,E10,https://imgur.com/EoLaJDB
Recommended for you,Healthcare,healthcare,Top Healthcare Marketing Tips for 2019,Digital Authority Partners,https://www.digitalauthority.me/resources/healthcare-marketing/,E11,https://imgur.com/hBZDk0D
Recommended for you,Healthcare,healthcare,Healthcare Marketing Using Social Media?,GaryVee TV,https://youtu.be/c8ck4mpxtf8,,
Recommended for you,Healthcare,healthcare,Social Media Marketing in the Healthcare Industry,Shweiki Media,https://youtu.be/3JF6rREyVVg,,
Recommended for you,Healthcare,healthcare,Future of Healthcare Content Marketing Webinar,Business Development Institute,https://youtu.be/dd0AGPUZTKg,,
Recommended for you,Healthcare,healthcare,Healthcare TV Commercials 2018,Glenn Przyborski,https://youtu.be/tolqDTpeF8o,,
Recommended for you,Healthcare,healthcare,The CEO of Oscar Health Is Disrupting The Healthcare System,CNBC Make It.,https://youtu.be/GO62tqTFa0c,,
Recommended for you,Healthcare,healthcare,Healthcare Startup | Josh Liu | TEDxYouth@Toronto,TEDx Talks,https://youtu.be/z1SiVBl9YG8,,
Recommended for you,Online Store & Retail,online-store-retail,12 Reasons A Website Revamp is Exactly What You Should Do,"Pixel Productions Inc., PIxel Productions Inc.",https://www.pixelproductionsinc.com/12-reasons-a-website-revamp-is-exactly-what-you-should-do/,E12,https://imgur.com/c1LkNac
Recommended for you,Online Store & Retail,online-store-retail,5 trends that will define retail marketing in 2019,Retaildive,https://www.retaildive.com/news/5-trends-that-will-define-retail-marketing-in-2019/545466/,E13,https://imgur.com/1NCKxQ4
Recommended for you,Online Store & Retail,online-store-retail,5 Trends That Will Drive Online Shopping In 2019,Braintree Contributor,https://www.forbes.com/sites/braintree/2018/11/12/5-trends-that-will-drive-online-shopping-in-2019/#799fec46384a,E14,https://imgur.com/QLjWgMB
Recommended for you,Online Store & Retail,online-store-retail,16 Ecommerce Trends That Will Drive Sales in 2019 ‚Äì Shopify,Shopify,https://www.shopify.com/partners/blog/ecommerce-trends-2019,E15,https://imgur.com/gcjbNZH
Recommended for you,Online Store & Retail,online-store-retail,Online Retail trends: 22 ecommerce predictions for 2019,Connect POS,https://www.connectpos.com/online-retail-trends-2019/#.XNm-ky2ZN24,E16,https://imgur.com/LXbt1BO
Recommended for you,Online Store & Retail,online-store-retail,"STARTING AN ONLINE BUSINESS // photography, modeling, thrifting, website design",bestdressed,https://youtu.be/c12qIxR2QOA,,
Recommended for you,Online Store & Retail,online-store-retail,E-Commerce Beginners Day 1 - Create a profitable Shopify store,Ecommerce Philippines,https://youtu.be/_IeE5w1CsaU,,
Recommended for you,Online Store & Retail,online-store-retail,eCommerce Marketing Strategies - 12 Killer Tips,Marketing 360,https://youtu.be/7HgGiCK33ow,,
Recommended for you,Online Store & Retail,online-store-retail,HOW TO START AN ONLINE STORE + how i started a business at 22,Natalie Barbu,https://youtu.be/S-rRc4ZHs9Q,,
Recommended for you,Online Store & Retail,online-store-retail,How to Drive Targeted Traffic to Your Online Store,Shopify,https://youtu.be/qQPGOKeuPwE,,
Recommended for you,Real Estate,real-estate,19 Real Estate Marketing Ideas & Trends That Will Dominate 2019,Emile L'Eplattenier,https://theclose.com/real-estate-marketing-ideas/,E17,https://imgur.com/6sIFdoq
Recommended for you,Real Estate,real-estate,5 Real Estate Marketing Trends That You Need To Know About in 2019,rehrealestate,https://rehrealestate.com/5-real-estate-marketing-trends-that-you-need-to-know-about-in-2019/,E18,https://imgur.com/s3rQ72V
Recommended for you,Real Estate,real-estate,The 11 Biggest Real Estate Trends You Need to Know in 2019,Follow Up Boss,https://www.followupboss.com/blog/11-biggest-real-estate-trends-need-know-2019/,E19,https://imgur.com/l07zbhF
Recommended for you,Real Estate,real-estate,Top 12 Real Estate Marketing Tactics for 2019 | Updated Post,chatterbuzzz,https://www.chatterbuzzmedia.com/blog/top-5-real-estate-marketing-tactics-for-2019/,E20,https://imgur.com/Me0J0YX
Recommended for you,Real Estate,real-estate,How do you choose colors for a real estate logo? | 99designs,,https://99designs.com/logo-design/psychology-of-color/real-estate,E21,https://imgur.com/loAOOIK
Recommended for you,Real Estate,real-estate,Top Real Estate Marketing Trends 2019 - Fronetics Real Estate Marketing,froneticsre,https://www.froneticsrealestate.com/top-real-estate-marketing-trends-2019/,E22,https://imgur.com/pSdPSsl
Recommended for you,Real Estate,real-estate,Generating Real Estate Leads and Clients with Content Marketing | Ray Ellen | Summit 2017,Tom Ferry,https://youtu.be/xxzvYwA93Ck,,
Recommended for you,Real Estate,real-estate,Why 98% of Real Estate Agents won‚Äôt do this - Gary Vaynerchuk,Tom Panos Real Estate Training,https://youtu.be/8SNMrMsDuKA,,
Recommended for you,Real Estate,real-estate,üè° Facebook Ads Real Estate Agents | 53 Leads a Month,Joshua Cahill,https://youtu.be/ABX_4EOi9ak,,
Recommended for you,Real Estate,real-estate,Real Estate Marketing Video 2 - BENITRAGE LLC,BENITRAGE LLC,https://youtu.be/mR2GNOizwaw,,
Recommended for you,Real Estate,real-estate,How To Market Yourself as a Real Estate Agent,Bryan Casella,https://youtu.be/HPJkTD1jQ7k,,
Recommended for you,Real Estate,real-estate,How to Market Yourself as a New Real Estate Agent,Loida Velasquez,https://youtu.be/oKI7ow5Vul0,,
Recommended for you,Marketing & PR,marketing-pr,11 Digital Marketing Trends You Can No Longer Ignore in 2019,Katherine Hays,https://www.singlegrain.com/digital-marketing/11-digital-marketing-trends-you-can-no-longer-ignore-in-2018/,E23,https://imgur.com/NN5bhpn
Recommended for you,Marketing & PR,marketing-pr,12 Powerful PR Trends That Will Shape Your Strategy for 2019,wendymarx,https://b2bprblog.marxcommunications.com/b2bpr/pr-trends-pr-strategy,E24,https://imgur.com/dr0rR33
Recommended for you,Marketing & PR,marketing-pr,Advertising Trends You Should Consider in 2019,Katherine Hays,https://www.entrepreneur.com/article/326236,E25,https://imgur.com/gfkCLSo
Recommended for you,Marketing & PR,marketing-pr,Ground-Breaking PR Trends That are Going to Dominate 2019,Gaurav Patra,https://www.entrepreneur.com/article/329777,E26,https://imgur.com/RVIGEGt
Recommended for you,Marketing & PR,marketing-pr,Digital Marketing Trends for 2019,Lever Interactive,https://youtu.be/0N-hhuW5g84,,
Recommended for you,Marketing & PR,marketing-pr,Effective Facebook Marketing Strategies For 2019 (Live on Stage),Antoine Dupont,https://youtu.be/c21cHrw5b9g,,
Recommended for you,Marketing & PR,marketing-pr,TOP 5 App Marketing Trends in 2019 üî• Nr. 3 is the Best!,App Radar,https://youtu.be/lRNACwQTpT0,,
Recommended for you,Marketing & PR,marketing-pr,Digital Marketing Trends in 2019 - Hot in Social Media,Hot In Social Media,https://youtu.be/33yFrYnAzus,,
Recommended for you,Marketing & PR,marketing-pr,Marketing 2020: The Future of Advertising,"Conversation, LLC",https://youtu.be/rw-tlt3AnI0,,
Recommended for you,Marketing & PR,marketing-pr,The Best New Google Ads Tricks (for 2019!),Eric Siu - Leveling up,https://youtu.be/Ro0WeWnFvSQ,,
Recommended for you,Legal,legal,6 legal marketing trends for 2019,Legalnewsline,https://legalnewsline.com/stories/511787779-6-legal-marketing-trends-for-2019,E27,https://imgur.com/zdP98DO
Recommended for you,Legal,legal,Ken's Trends: Law Firm Marketing in 2019,pilmmaorg,https://www.pilmma.org/blog/2019/01/2019-personal-injury-law-firm-marketing-trends/,E28,https://imgur.com/G6SNZTO
Recommended for you,Legal,legal,Law Firm Marketing Strategy in a Digital World,bluecorona,https://www.bluecorona.com/blog/law-firm-marketing-online,E29,https://imgur.com/nSXHiNw
Recommended for you,Legal,legal,Legal Marketing Trends for 2019 and Beyond,"Sam Edwards, SEO.co",https://seo.co/legal-marketing-trends/,E30,https://imgur.com/DvzQNgc
Recommended for you,Legal,legal,Legal Marketing Trends to Look Out for in 2019,"Stacey E. Burke, P.C.",https://www.staceyeburke.com/blog/legal-marketing-trends/,E31,https://imgur.com/pNp6VmL
Recommended for you,Legal,legal,2019 Attorney Social Media Marketing: Using Instagram to Market Your Law Firm,Lawyer Marketing with Andrew Stickel,https://youtu.be/QYSu3mxA8WY,,
Recommended for you,Legal,legal,Facebook Marketing for Lawyers: An Amazing Way to Target New Clients (2019),Lawyer Marketing with Andrew Stickel,https://youtu.be/KLjgRXdUG_E,,
Recommended for you,Legal,legal,How To Market A Small Law Firm On The Internet 2018,Bryant Chambers,https://youtu.be/VX35BNloemQ,,
Recommended for you,Legal,legal,Facebook Advertising For Lawyers: The 3 Secrets to Getting More Law Clients From Social Media,Lawyer Marketing with Andrew Stickel,https://youtu.be/UpII21Z0ULg,,
Recommended for you,Legal,legal,Law Firm Video Marketing How to Create Powerful Videos,Mary Cary's Go Media Marketing,https://youtu.be/M5f4rOjsewQ,,
Recommended for you,Legal,legal,How to get started with a law firm marketing plan.,How To MANAGE A Small Law Firm,https://youtu.be/1NJXzTZOHfA,,
Recommended for you,Accounting & Finance,accounting-finance,9 Ways Financial Marketers Can Get Content Marketing Right,The Financial Brand,https://thefinancialbrand.com/78105/bank-credit-union-content-marketing-tips/,E32,https://imgur.com/kIhVcoU
Recommended for you,Accounting & Finance,accounting-finance,Finance content marketing trends for 2019 - The Dubs,the-dubs,https://www.thedubs.com/finance-content-marketing-trends-2019/,E33,https://imgur.com/L1Gaixx
Recommended for you,Accounting & Finance,accounting-finance,Learn from a Pro: Advanced Marketing Tips for Accountants & Bookkeepers,Hubdoc,https://youtu.be/VKg5xEkBFng,,
Recommended for you,Accounting & Finance,accounting-finance,Top 10 Accounting Firms üíµ,Big 4 Accounting Firms,https://youtu.be/nBu3y78CEvM,,
Recommended for you,Accounting & Finance,accounting-finance,Finance marketing explainer video | Animation company,Explainer Videos,https://youtu.be/gUYjYEGbxEY,,
Recommended for you,Accounting & Finance,accounting-finance,Ultimate Video Marketing Strategy for Financial Professionals in 2019 - Owen Video,Owen Video,https://youtu.be/PUtD7VczTRs,,
Recommended for you,Accounting & Finance,accounting-finance,Best Investing Apps In 2018 (Top 5 Ranked),Nate O'Brien,https://youtu.be/gIeT2Px6DvE,,
Recommended for you,Agriculture,agriculture,4 tech trends to shape agriculture in 2019,BizCommunity,https://www.bizcommunity.com/Article/196/707/188024.html,E34,https://imgur.com/jOUbTyf
Recommended for you,Agriculture,agriculture,Content Marketing Trends in the Agriculture Industry,"WriterAccess, Featured Writer",https://www.writeraccess.com/blog/content-marketing-trends-in-the-agriculture-industry/,E35,https://imgur.com/qTaxwYO
Recommended for you,Agriculture,agriculture,"Grow Faster, Grow Stronger: Speed-Breeding Crops to Feed the Future",Knvul Sheikh,https://www.nytimes.com/2019/06/17/science/food-agriculture-genetics.html?rref=collection%2Ftimestopic%2FAgriculture%20and%20Farming&action=click&contentCollection=timestopics&region=stream&module=stream_unit&version=latest&contentPlacement=2&pgtype=collection,E36,https://imgur.com/ByKgrr7
Recommended for you,Agriculture,agriculture,8 Ag Tech Start-Ups Worth Watching in 2019,Laurie Bedord,https://www.agriculture.com/news/technology/9-ag-tech-start-ups-worth-watching-in-2019,E37,https://imgur.com/hyiC8KP
Recommended for you,Agriculture,agriculture,"Marketing to Farmers, Ag Digital Marketing Guide",Farm Market iD,https://www.farmmarketid.com/marketing-to-farmers/,E38,https://imgur.com/WIJgT6o
Recommended for you,Agriculture,agriculture,2019 Farm Marketing Solutions Content Plan,John Suscovich,https://youtu.be/pUH3rEXZIPE,,
Recommended for you,Agriculture,agriculture,Profitable Farming and Designing for Farm Success by JEAN-MARTIN FORTIER,Diego Footer,https://youtu.be/92GDHGPSmeI,,
Recommended for you,Agriculture,agriculture,Canfield Family Farm - Direct-Marketing and On-Farm Feed Business,Practical Farmers of Iowa,https://youtu.be/ru4pCxkh0d4,,
Recommended for you,Entertainment & Media,entertainment-media,Engadget,Engadget,https://www.engadget.com/entertainment/,E39,https://imgur.com/ObabMgk
Recommended for you,Entertainment & Media,entertainment-media,Slate‚Äôs Use of Your Data,"Slate, Dahlia Lithwick, Darcey Steinke, Outward Live in NYC, Political Gabfest Live in Toronto",https://slate.com,E40,https://imgur.com/KvEKiNT
Recommended for you,Entertainment & Media,entertainment-media,Business Insider France,Business Insider France,https://www.businessinsider.com/,E41,https://imgur.com/sDL8c8Q
Recommended for you,Entertainment & Media,entertainment-media,BuzzFeed,BuzzFeed,https://www.buzzfeed.com,E42,https://imgur.com/6XkJwBX
Recommended for you,Entertainment & Media,entertainment-media,The Daily Beast,The Daily Beast,http://www.thedailybeast.com/,E43,https://imgur.com/ADNU3Fi
Recommended for you,Entertainment & Media,entertainment-media,Game Of Thrones' Series Finale Post-Mortem | Entertainment Weekly,Entertainment Weekly,https://www.youtube.com/watch?v=rbxHvCI1wBo,,
Recommended for you,Entertainment & Media,entertainment-media,THE SECRET LIFE OF PETS 2 Final Trailer 2 (2019),Entertainment Access,https://www.youtube.com/watch?v=niIOTKW04oo,,
Recommended for you,Entertainment & Media,entertainment-media,13 Funny Couple Pranks,Troom Troom,https://www.youtube.com/watch?v=zbCWtrVsLGs,,
Recommended for you,Entertainment & Media,entertainment-media,Beychella Homecoming mix | Beyonce | Aliya Janell Choreography | Queens N Lettos,AliyaJanell,https://www.youtube.com/watch?v=dmJJ6rOZpf0,,
Recommended for you,Entertainment & Media,entertainment-media,Collins sees evidence of 'cover-up' in newly released transcripts,Fox News,https://www.youtube.com/watch?v=-ncoEH39xe4,,
Recommended for you,Entertainment & Media,entertainment-media,I Bought Everything In A Store - Challenge,MrBeast,https://www.youtube.com/watch?v=ha4tRQwKIUg,,
Recommended for you,Visual Arts,visual-arts,Hi-Fructose Magazine,Hi-Fructose Magazine,https://hifructose.com,E44,https://imgur.com/oTXUiMs
Recommended for you,Visual Arts,visual-arts,40 Visual Symbols Every Communicator Needs to Know,vismeapp,https://visme.co/blog/symbols-and-meanings/,E45,https://imgur.com/MxIQIlt
Recommended for you,Visual Arts,visual-arts,Art F City,Art F City,http://artfcity.com,E46,https://imgur.com/dwQuLhi
Recommended for you,Visual Arts,visual-arts,ARTnews Spring 2018 Cover,ARTnews,http://www.artnews.com,E47,https://imgur.com/lsooFKd
Recommended for you,Visual Arts,visual-arts,"Art, Photo, Design & Film",Booooooom,https://www.booooooom.com,E48,https://imgur.com/1N3Dh71
Recommended for you,Visual Arts,visual-arts,NEW 2016 Psychedelic Psychill 3D Visual Progressive Music Mix,Psychedelic Trips,https://www.youtube.com/watch?v=8t3XYNxnUBs,,
Recommended for you,Visual Arts,visual-arts,Visual Artists MUST Know This!!! Cesar Santos vlog 038,Cesar Santos,https://www.youtube.com/watch?v=UDN621aJHQU,,
Recommended for you,Visual Arts,visual-arts,Black and White Op Art Visual Background Video,WriScriSeanThorn,https://www.youtube.com/watch?v=Rj6Cl9INxCE,,
Recommended for you,Visual Arts,visual-arts,Visual Arts Video,iheartoguri,https://www.youtube.com/watch?v=PA9wBGcFUqI,,
Recommended for you,Visual Arts,visual-arts,Trick Art Drawing 3D Tiny House on paper,Nature Arts,https://www.youtube.com/watch?v=HCKMkM0wF9o,,
Recommended for you,Fashion & Beauty,fashion-beauty,15 Minute Beauty Fanatic,15 Minute Beauty Fanatic,https://www.15minutebeauty.com/,E49,https://imgur.com/kvVNwJP
Recommended for you,Fashion & Beauty,fashion-beauty,Who What Wear,Who What Wear,https://www.whowhatwear.com,E50,https://imgur.com/9BLjQH6
Recommended for you,Fashion & Beauty,fashion-beauty,Verso Homepage,Allure,https://www.allure.com,E51,https://imgur.com/egLVJej
Recommended for you,Fashion & Beauty,fashion-beauty,She's In The Glow,She's In The Glow,https://shesintheglow.com/,E52,
Recommended for you,Fashion & Beauty,fashion-beauty,Rouge 18,Rouge 18,http://www.rouge18.com/,E53,
Recommended for you,Fashion & Beauty,fashion-beauty,"Men's Fashion, Style, Grooming, Fitness, Lifestyle, News & Politics",GQ,https://www.gq.com,E54,https://imgur.com/2NPnFt1
Recommended for you,Fashion & Beauty,fashion-beauty,Gal Meets Glam,"Gal Meets Glam, Julia Engel",https://galmeetsglam.com/,E55,https://imgur.com/EMN1T3T
Recommended for you,Fashion & Beauty,fashion-beauty,HOW TO MAKE YOUR MAKEUP LAST ALL DAY!,Jaclyn Hill,https://www.youtube.com/watch?v=CnQTN_-mW7U,,
Recommended for you,Fashion & Beauty,fashion-beauty,44 BEAUTY TIPS AND TRICKS EVERY GIRL SHOULD KNOW,5-Minute Crafts FAMILY,https://www.youtube.com/watch?v=xdgiu80RW8A,,
Recommended for you,Fashion & Beauty,fashion-beauty,PUR Cosmetics 100 FOUNDATION SHADES?! I'm Confusion Luv | Jackie Aina,Jackie Aina,https://www.youtube.com/watch?v=gzvZWIoRA44,,
Recommended for you,Fashion & Beauty,fashion-beauty,Eugene's Guide To Every Hair Product,The Try Guys,https://www.youtube.com/watch?v=8DQrYTXpAm4,,
Recommended for you,Fashion & Beauty,fashion-beauty,Thrifting $75 Outfits in 15 Minutes! ~ NAYVA Ep #27 ~ FASHION & BEAUTY,NAYVA,https://www.youtube.com/watch?v=h2_rUPWQyrI,,
Recommended for you,Fashion & Beauty,fashion-beauty,Met Gala 2019 Red Carpet Arrivals ‚Äî LIVE STREAM | NowThis,NowThis News,https://www.youtube.com/watch?v=eKE2fHEFgDY,,
Recommended for you,Food & Drink,food-drink,The Sexy Vegan,thesexyvegan,http://www.thesexyvegan.com/,E56,https://imgur.com/4Xh112n
Recommended for you,Food & Drink,food-drink,Food & Wine,Food & Wine,https://www.foodandwine.com,E57,https://imgur.com/UtyZbl2
Recommended for you,Food & Drink,food-drink,Food Babe,Food Babe,https://foodbabe.com,E58,https://imgur.com/U1Y6Wl3
Recommended for you,Food & Drink,food-drink,"Food Community, Recipes, Kitchen‚Äå & Home Products, Cooking Contests",Food52,https://food52.com,E59,https://imgur.com/UcCS41T
Recommended for you,Food & Drink,food-drink,Kitchn,Kitchn,https://www.thekitchn.com,E60,https://imgur.com/M1hOZQ1
Recommended for you,Food & Drink,food-drink,"Easy Recipes, Quick Recipes, Best Recipes | Just a Taste",Just a Taste,https://www.justataste.com,E61,https://imgur.com/HvtM8mr
Recommended for you,Food & Drink,food-drink,"Ice Golas - Street Food & Drink Of Mumbai, Juhu Beach, India",Tanmoy Sarkar,https://www.youtube.com/watch?v=K3r7uUKh1vo&pbjreload=10,,
Recommended for you,Food & Drink,food-drink,42 Foods You Need To Eat Before You Die | The Ultimate List,Food Insider,https://www.youtube.com/watch?v=0SPwwpruGIA,,
Recommended for you,Food & Drink,food-drink,Mouthwatering Recipes For Junk Food Lovers,Tasty,https://www.youtube.com/watch?v=R5c4anO0m-k,,
Recommended for you,Food & Drink,food-drink,Kids Try 100 Years of British Food,Epicurious,https://www.youtube.com/watch?v=Dx84hZ7tKo4,,
Recommended for you,Food & Drink,food-drink,32 Places You Need To Eat At In London | The Ultimate List,Food Insider,https://www.youtube.com/watch?v=yCCyJD7cVKU,,
Recommended for you,Food & Drink,food-drink,Only Eating Recommended Serving Sizes for a Day! (IMPOSSIBLE 24 HOUR FOOD CHALLENGE),Derek Gerard,https://www.youtube.com/watch?v=hQ4eF2yt99M,,
Recommended for you,Health & Fitness,health-fitness,"Nerd Fitness: Helping You Lose Weight, Get Stronger, Live Better.",nerdfitness,https://www.nerdfitness.com/blog/,E62,https://imgur.com/2tM6HHc
Recommended for you,Health & Fitness,health-fitness,Black Girls Run,Black Girls Run,https://blackgirlsrun.com/blogs/blog,E63,https://imgur.com/QphyQwh
Recommended for you,Health & Fitness,health-fitness,"Blogilates | Health, Fitness, Food, Body Image & More",Blogilates,https://www.blogilates.com/blog/,E64,https://imgur.com/VErgO0L
Recommended for you,Health & Fitness,health-fitness,ACE Healthy Living,"Jennifer Turpin Stanfield, Amy Ashmore, Pete McCall, Lorne Opler, Niki Campbell",https://www.acefitness.org/education-and-resources/lifestyle/blog,E65,https://imgur.com/RlIM8Zd
Recommended for you,Health & Fitness,health-fitness,Charlotte Hilton Andersen,Charlotte Hilton Andersen,http://www.thegreatfitnessexperiment.com/,E66,https://imgur.com/OBMb4bZ
Recommended for you,Health & Fitness,health-fitness,"Anytime Fitness Blog - Workouts, Recipes, and Weight Loss","Anytime Fitness, Anytime Fitness Blog",http://blog.anytimefitness.com,E67,https://imgur.com/i6ySTwM
Recommended for you,Health & Fitness,health-fitness,"Building New Habits | Can We Love Health, Fitness, & Cleaning?",Mrs Midwest,https://www.youtube.com/watch?v=mEa-g162r4k,,
Recommended for you,Health & Fitness,health-fitness,5 Daily Exercises for Fitness - Health Sutra - Best Health Tips,Health Sutra - Best Health Tips,https://www.youtube.com/watch?v=1BW-vmlxuDQ,,
Recommended for you,Health & Fitness,health-fitness,HOW TO IMPLEMENT A HEALTHY LIFESTYLE | Setting Habits & Wellness Goals,Renee Amberg,https://www.youtube.com/watch?v=65KDZLu4klU,,
Recommended for you,Health & Fitness,health-fitness,Dr. Oz's Morning Workout,DoctorOz,https://www.youtube.com/watch?v=8XRNwAXKb3s,,
Recommended for you,Health & Fitness,health-fitness,10 Benefits Of Exercise On The Brain And Body - Why You Need Exercise,Practical Wisdom - Interesting Ideas,https://www.youtube.com/watch?v=yTL_bNvXJ9s,,
Recommended for you,Music,music,Popular tracks / Hype Machine,Hype Machine,https://hypem.com/popular?workaround..,E68,https://imgur.com/HNeVsWy
Recommended for you,Music,music,r/Music,reddit,https://www.reddit.com/r/Music/,E69,https://imgur.com/LEKOaDK
Recommended for you,Music,music,All Songs Considered,NPR,https://www.npr.org/sections/allsongs/,E70,https://imgur.com/t7X5zT0
Recommended for you,Music,music,Your EDM | Electronic Dance Music News & EDM Reviews,youredm,https://www.youredm.com,E71,https://imgur.com/Vyv9dwu
Recommended for you,Music,music,Pigeons & Planes: The Next Steps To Our Music Platform,pigsandplans,https://pigeonsandplanes.com/,E72,https://imgur.com/YJdqbre
Recommended for you,Music,music,"Chris Brown - Wobble Up (Official Video) ft. Nicki Minaj, G-Eazy",ChrisBrownTV,https://www.youtube.com/watch?v=odgvsMFSIo8,,
Recommended for you,Music,music,"DJ Khaled - Wish Wish ft. Cardi B, 21 Savage",DJ Khaled,https://www.youtube.com/watch?v=Oq8z-U3bPgo,,
Recommended for you,Music,music,Taylor Swift - ME! (feat. Brendon Urie of Panic! At The Disco),Taylor Swift,https://www.youtube.com/watch?v=FuXNumBwDOM,,
Recommended for you,Music,music,"Ariana Grande - break up with your girlfriend, i'm bored",Ariana Grande,https://www.youtube.com/watch?v=LH4Y1ZUUx2g,,
Recommended for you,Music,music,Bebe Rexha - Last Hurrah (Official Music Video),Bebe Rexha,https://www.youtube.com/watch?v=fTNnwzXrVdg,,
Recommended for you,Music,music,Lil Nas X - Old Town Road (feat. Billy Ray Cyrus) [Music Video],Wicked Sounds,https://www.youtube.com/watch?v=gUcisIlT7sM,,
Recommended for you,Travel & Lifestyle,travel-lifestyle,Cupcakes & Cashmere,Byemily,https://cupcakesandcashmere.com/,E73,https://imgur.com/mLtP4vY
Recommended for you,Travel & Lifestyle,travel-lifestyle,Adventure Travel & Photography Blog,"Expert Vagabond, Matthew Karsten",https://expertvagabond.com,E74,https://imgur.com/5BFTM1q
Recommended for you,Travel & Lifestyle,travel-lifestyle,Solo Female Travel Blog,The Blonde Abroad,https://theblondeabroad.com,E75,https://imgur.com/HxmwnV0
Recommended for you,Travel & Lifestyle,travel-lifestyle,Online Men's Lifestyle Magazine,Various Contributors,https://www.menswearstyle.co.uk/,E76,https://imgur.com/WlqBVhH
Recommended for you,Travel & Lifestyle,travel-lifestyle,Messy Nessy Chic,Messy Nessy Chic,https://www.messynessychic.com,E77,https://imgur.com/4cAFNbB
Recommended for you,Travel & Lifestyle,travel-lifestyle,200 Days - A Trip Around the World Travel Film,40 North Designs,https://www.youtube.com/watch?v=RcmrbNRK-jY,,
Recommended for you,Travel & Lifestyle,travel-lifestyle,Top 7 INCREDIBLE Travel Destinations of 2019 | Where to Travel This Year!,Erik Conover,https://www.youtube.com/watch?v=lJ87yD_8u3U,,
Recommended for you,Travel & Lifestyle,travel-lifestyle,16 Affordable Place To Travel If You Are Broke,Facts Verse,https://www.youtube.com/watch?v=kTRO0DMJFRE,,
Recommended for you,Travel & Lifestyle,travel-lifestyle,Things to know BEFORE you go to LOS ANGELES - LA Travel Tips 2019,Hungry Passport,https://www.youtube.com/watch?v=tvDH4JM_gME,,
Recommended for you,Travel & Lifestyle,travel-lifestyle,BALI - Doyoutravel X Gypsea Lust,Jack Morris,https://www.youtube.com/watch?v=8PNTZEv-e54,,
Recommended for you,Travel & Lifestyle,travel-lifestyle,I Went to Japan for the First Time | Tokyo Travel Vlog (Pt.1),AmandaRachLee,https://www.youtube.com/watch?v=QPcwfuStFnU,,
Recommended for you,Education,education,Digital Learning Leaders and the Demographic Reckoning | Inside Higher Ed,Inside Higher Ed,http://www.insidehighered.com/digital-learning/blogs/technology-and-learning/digital-learning-leaders-and-demographic-reckoning,E78,https://imgur.com/VlHjRlj
Recommended for you,Education,education,Emerging Roles of AI in Education | Inside Higher Ed,Inside Higher Ed,http://www.insidehighered.com/digital-learning/blogs/online-trending-now/emerging-roles-ai-education,E78,https://imgur.com/VlHjRlj
Recommended for you,Education,education,Sharing and Attention in the Academic Gig Economy,Inside Higher Ed,http://www.insidehighered.com/blogs/library-babel-fish/sharing-and-attention-academic-gig-economy,E78,https://imgur.com/VlHjRlj
Recommended for you,Education,education,Advice for successfully implementing a pathways program,Inside Higher Ed,http://www.insidehighered.com/views/2019/06/19/advice-successfully-implementing-pathways-program-opinion,E81,https://imgur.com/NVGmhcH
Recommended for you,Education,education,What is a University Today? | Inside Higher Ed,Inside Higher Ed,http://www.insidehighered.com/blogs/higher-ed-gamma/what-university-today,E78,https://imgur.com/VlHjRlj
Recommended for you,Education,education,Other Than That... | Inside Higher Ed,Inside Higher Ed,http://www.insidehighered.com/blogs/confessions-community-college-dean/other,E78,https://imgur.com/VlHjRlj
Recommended for you,Education,education,5 Reasons Why Finland Is A Global Education Leader,The Young Turks,https://www.youtube.com/watch?v=UfmFIEh2QjU,,
Recommended for you,Education,education,The Power of Gamification in Education | Scott Hebert | TEDxUAlberta,TEDx Talks,https://www.youtube.com/watch?v=mOssYTimQwM,,
Recommended for you,Education,education,Education: Motivation for Students,Let's Talk Education,https://www.youtube.com/watch?v=qVzsKgIlN3w,,
Recommended for you,Education,education,TED Talks Education,Jathavan Sriram,https://www.youtube.com/watch?v=dilnw_dP3xk,,
Recommended for you,Education,education,Benefits of Entrepreneurship Education | Wadhwani Foundation,Wadhwani Foundation,https://www.youtube.com/watch?v=rEuyEcUoBas,,
Recommended for you,Education,education,Is private education good for society? | The Economist,The Economist,https://www.youtube.com/watch?v=aV6w-zoacYk,,
Recommended for you,Home & Living,home-living,Stay Cool with a DIY Stock Tank Pool!,"Kathy Woodard, The Budget Decorator",https://www.thebudgetdecorator.com/wanna-stay-cool-diy-a-stock-tank-pool/,E84,https://imgur.com/uluwZ6X
Recommended for you,Home & Living,home-living,We're Floored! Painted Floor Ideas & Projects,"Kathy Woodard, The Budget Decorator",https://www.thebudgetdecorator.com/diy-painted-floor-projects/,E85,https://imgur.com/FeX4IqI
Recommended for you,Home & Living,home-living,Charming But Cheap Bedroom Decorating Ideas,"The Budget Decorator, Guest Contributor",https://www.thebudgetdecorator.com/6-cheap-bedroom-decorating-ideas/,E86,https://imgur.com/kTgmRFG
Recommended for you,Home & Living,home-living,Gorgeous Flea Market Flips : Before and After Furniture Makeovers,"The Budget Decorator, Kathy Woodard",https://www.thebudgetdecorator.com/flea-market-flips-before-and-afters/,E87,https://imgur.com/ndOKA92
Recommended for you,Home & Living,home-living,How to Reupholster a Chair,"The Budget Decorator, Kathy Woodard",https://www.thebudgetdecorator.com/how-to-reupholster-a-chair/,E88,https://imgur.com/MeXdWAW
Recommended for you,Wedding,wedding,Real Brides Share Their Most Awkward Moments During Wedding Planning,Stylemepretty,https://www.stylemepretty.com/2019/06/13/real-brides-share-their-most-awkward-moments-during-wedding-planning/,E89,https://imgur.com/sBNmLMV
Recommended for you,Wedding,wedding,Head to Toe Blueprints for Styling a Classic Themed Wedding,Stylemepretty,https://www.stylemepretty.com/2018/10/07/head-to-toe-blueprints-for-styling-a-classic-themed-wedding/,E90,https://imgur.com/eyrb68O
Recommended for you,Wedding,wedding,"The Most Helpful Features to Add to Your Wedding Website, According to Past Brides",Stylemepretty,https://www.stylemepretty.com/2019/03/25/the-most-helpful-features-to-add-to-your-wedding-website-according-to-past-brides/,E91,
Recommended for you,Wedding,wedding,The Ultimate Honeymoon Packing List,Stylemepretty,https://www.stylemepretty.com/2019/06/07/the-ultimate-honeymoon-packing-list/,E92,https://imgur.com/PFbktDr
Recommended for you,Wedding,wedding,The Ultimate Vendor Tipping Guide,Stylemepretty,https://www.stylemepretty.com/2019/06/14/the-ultimate-vendor-tipping-guide/,E93,https://imgur.com/lYibAX9
Recommended for you,Wedding,wedding,Up Your Floral Game With These Trending Wedding Flower Ideas,Stylemepretty,https://www.stylemepretty.com/2018/03/19/trending-wedding-florals/,E94,https://imgur.com/fLS3sR2
,,,,,,,
,,,,,,,
,,,,,,,
How To's,Photo,photo,Fixing Photography,,https://medium.com/@Zimberoff/disrupting-stock-photography-fffe1c7d5b99,E95,https://imgur.com/a7YByUw
How To's,Photo,photo,Optimize Google My Business: How to Use Identity Photos,,https://blog.reachlocal.com/how-to-optimize-your-google-my-business-information-using-identity-photos,E96,https://imgur.com/BV218ye
How To's,Photo,photo,The Importance of Good Photography to Market Your Business - Posse Social Media,,https://possesocialmedia.com/the-importance-of-good-photography-to-market-your-business/,E97,https://imgur.com/db2HdNy
How To's,Photo,photo,In Their Own Words: Why Top Photographers Use Photoshop,,https://www.creativelive.com/blog/why-photographers-use-photoshop/,E98,https://imgur.com/jfoVHjY
How To's,Photo,photo,BEST VSCO EDITING TUTORIAL EVER!!!,Matt Mendoza,https://youtu.be/r2wL56xnwKs,,
How To's,Photo,photo,VSCO + Afterlight | Simple Editing Tutorial,Moment,https://youtu.be/ivYgYQ_coIM,,
How To's,Photo,photo,Editing Photos On PicMonkey.com,Sonya Katarina,https://youtu.be/vFEc5j2We2Y,,
How To's,Photo,photo,Photo Editing for Beginners - Easy Tips,PicMonkey,https://youtu.be/tLvz4QIiTno,,
How To's,Photo,photo,Adobe Photoshop Tutorial : The Basics for Beginners,Alec Markarian,https://youtu.be/pFyOznL9UvA,,
How To's,Website,website,Six Important Reasons To Redesign Your Website,,https://www.forbes.com/sites/forbescommunicationscouncil/2017/06/13/six-important-reasons-to-redesign-your-website/#3c7062c47853,E99,https://imgur.com/JbWrZn3
How To's,Website,website,How to Create A Starter Website For Your Business | Small Business BC,,https://smallbusinessbc.ca/article/create-starter-website-business/,E100,https://imgur.com/g0Zwa3k
How To's,Website,website,Why Local Businesses Will Need Websites More than Ever in 2019,,https://moz.com/blog/local-businesses-need-websites,E101,https://imgur.com/C1AHk0U
How To's,Website,website,Shopify Tutorial For Beginners - Create An Online Shopify Store 2019,Casual Ecommerce,https://youtu.be/E58ZVwOhj6c,,
How To's,Website,website,New Wix Tutorial! How to Make a Stunning Website!,David Lee EdTech,https://youtu.be/6Q4737kSSzA,,
How To's,Website,website,How to Make a Website?,Technical Guruji,https://youtu.be/t3pz8ZIkLdY,,
How To's,Website,website,How to Make A Website for Beginners | TECH TALK,Shameless Maya,https://youtu.be/JKxOFCnM3fQ,,
How To's,Website,website,How To Create a Squarespace Website - Bedford,Tyler Moore,https://youtu.be/i5EBcGMqDp4,,
How To's,Logo,logo,"Logo Design Tips, Logo News and How To Blogs | Logo Maker",,https://www.logomaker.com/blog/,E102,https://imgur.com/UlTu3gF
How To's,Logo,logo,How to Brainstorm the Perfect Logo for Your Business,,https://visme.co/blog/logo-ideas/,,
How To's,Logo,logo,What's the purpose of logos and why do they matter?,,https://logogeek.uk/logo-design/why-logos-matter/,E103,https://imgur.com/0wCzhxN
How To's,Logo,logo,5 Online Logo Makers & Generators to Design Your Brand,,https://www.shopify.com/blog/online-logo-makers,E104,https://imgur.com/r89c0NZ
How To's,Logo,logo,What makes a truly great logo,Vox,https://youtu.be/RBTiTcHm_ac,,
How To's,Logo,logo,Why is a Professional Logo Important?,johntchild,https://youtu.be/wyP8gTIXdBo,,
How To's,Graphic Design,graphic-design,How to Make an Infographic: A Visual Guide for Beginners [Free E-Book],,https://visme.co/blog/how-to-make-an-infographic/,E105,https://imgur.com/3Vam5yY
How To's,Graphic Design,graphic-design,50 Beautiful Presentation Background Templates [Edit and Download],,https://visme.co/blog/presentation-background/,E106,https://imgur.com/zXl1CDa
How To's,Graphic Design,graphic-design,A Guide to Designing Cute Quote Graphics ‚Äì Learn,,https://www.canva.com/learn/guide-designing-cute-quote-graphics/,E107,https://imgur.com/PVjO9j2
How To's,Graphic Design,graphic-design,A Non-Designer‚Äôs Guide to Creating Memorable Visual Presentations [Free E-Book],,https://visme.co/blog/presentation-design/,E108,https://imgur.com/MlaU0OH
How To's,Graphic Design,graphic-design,How To Use Canva - Tutorial!,Marley Baird Media,https://youtu.be/WL-WbHwsbs8,,
How To's,Graphic Design,graphic-design,Create Facebook Ad Graphics In 60 Seconds With PicMonkey,Justin Cener,https://youtu.be/eYwiGKy_xjg,,
How To's,Graphic Design,graphic-design,HOW TO CREATE A POSTER USING POSTERMYWALL,JACKSON YEO,https://youtu.be/NsNLltTrMDY,,
How To's,Graphic Design,graphic-design,How to Create Image Graphics for Social Media that Engage and Stand Out,Holly Green - Ockstadt,https://youtu.be/4OWGwacVBDA,,
How To's,Video,video,Ways to Create Engaging Video Content for Social Media,,https://nealschaffer.com/6-powerful-ways-to-create-engaging-video-content-for-social-media/,E109,https://imgur.com/lqU7d7W
How To's,Video,video,6 Psychology-Backed Hacks for Making Engaging Videos,,https://blog.hubspot.com/marketing/psychology-hacks-for-making-engaging-videos,,
How To's,Video,video,7 Video Marketing Trends to Look Out for in 2019,,https://animoto.com/blog/video-marketing/video-marketing-trends-2019/,E110,https://imgur.com/cMGwwfX
How To's,Video,video,7 Ways to Create More Engaging Videos That Rank Higher in YouTube,,https://www.entrepreneur.com/article/225791,E111,https://imgur.com/Bv4yasa
How To's,Video,video,13 Video Trends We're Super Excited About for 2019,,https://wistia.com/learn/marketing/video-trends-2019,E112,https://imgur.com/JWaXf8r
How To's,Video,video,Using Video Marketing for Business | How to Grow Your Business With Video,Roberto Blake,https://youtu.be/4OvHyeAECQ0,,
How To's,Video,video,"Video Marketing In 2018, Maximize Video Reach On Social Media",IgniteVisibility,https://youtu.be/OPvERYM62u8,,
How To's,Video,video,Turn Your Videos Into Instagram BANGERS! My Workflow.,Daniel Schiffer,https://youtu.be/dvEQiuBDSVA,,
How To's,Video,video,Video Editing Apps for Instagram!,Justin Brown - Primal Video,https://youtu.be/DADk0_lZyVU,,
How To's,Video,video,How To Make Videos More Interesting,Nick Nimmin,https://youtu.be/9h-PbBZqayY,,
How To's,Animation,animation,Why Animated Video is the Best Strategy for Your Social Media,,https://www.dreamgrow.com/animated-video/,E113,https://imgur.com/gzrcd75
How To's,Animation,animation,Unleash The Power Of Path Animations With SVGator ‚Äî Smashing Magazine,,https://www.smashingmagazine.com/2019/06/unleash-power-path-animations-svgator/,E114,https://imgur.com/fR1kJwq
How To's,Animation,animation,A step-by-step guide to creating a marketing animation | Smart Insights,,https://www.smartinsights.com/digital-marketing-platforms/video-marketing/animation-guide/,E115,https://imgur.com/7mOWOCr
How To's,Animation,animation,Brand Identity: How to Build One with an Animated Marketing Video,,https://mention.com/blog/build-brand-identity-animated-marketing-video/,E116,https://imgur.com/amSE1Zr
How To's,Animation,animation,How Animation Can Become a Part of Your Digital Marketing Strategy,,https://curatti.com/animation-digital-marketing-strategy/,E117,https://imgur.com/kPPcqgG
How To's,Animation,animation,Animaker Tutorial : How to create Awesome videos using Animaker,Animaker,https://youtu.be/ImTiE7_Qz9M,,
How To's,Animation,animation,HOW TO MAKE ANIMATED VIDEOS LIKE ME!!,ViralWhirl,https://youtu.be/ft8IPX6RXuo,,
How To's,Animation,animation,The 5 Types of Animation,Bloop Animation,https://youtu.be/NZbrdCAsYqU,,
How To's,Animation,animation,How to Make an Animated Promo Video in 20 Minutes,Stefan Kojouharov,https://youtu.be/0CBa66gQGBo,,
How To's,Animation,animation,4 Best Animation Styles for Business Videos,Chase Me Films,https://youtu.be/xlOQ0ELrqTI,,
How To's,Illustration,illustration,,,,,
How To's,Email,email,,,,,
How To's,Print,print,,,,,
,,,,,,,
,,,,,,,
,,,,,,,
Top Posts,Marketing/Analytics/SEO,marketing-analytics-seo,10 Important 2019 SEO Trends You Need to Know,,https://www.searchenginejournal.com/seo-trends/281053/,E118,https://imgur.com/dfq79Yi
Top Posts,Marketing/Analytics/SEO,marketing-analytics-seo,The 8 Marketing Trends to Watch in 2019 if You Want to Stay On Top!,Pixel Productions Inc.,https://www.pixelproductionsinc.com/the-8-marketing-trends-to-watch-in-2019/,E119,https://imgur.com/l9hJlqs
Top Posts,Marketing/Analytics/SEO,marketing-analytics-seo,5 Marketing Trends To Pay Attention To In 2019,John Hall,https://www.forbes.com/sites/johnhall/2018/06/17/5-marketing-trends-to-pay-attention-to-in-2019/#2e75b01060f7,E120,https://imgur.com/kvwP1ZI
Top Posts,Marketing/Analytics/SEO,marketing-analytics-seo,Five trends that will reshape media in 2019,Marketing Week,https://www.marketingweek.com/2019/01/04/five-trends-media-2019/,E121,https://imgur.com/v64lwbN
Top Posts,Marketing/Analytics/SEO,marketing-analytics-seo,US Digital Ad Spending Will Surpass Traditional in 2019,eMarketer Editors,https://www.emarketer.com/content/us-digital-ad-spending-will-surpass-traditional-in-2019,E122,https://imgur.com/sBb1SAl
Top Posts,Marketing/Analytics/SEO,marketing-analytics-seo,Image SEO is on the rise again. Here is what you need to know to stay ahead.,,https://visme.co/blog/image-seo/,E123,https://imgur.com/XS8YqJu
Top Posts,Marketing/Analytics/SEO,marketing-analytics-seo,Effective Facebook Marketing Strategies For 2019 (Live on Stage),Antoine Dupont,https://youtu.be/c21cHrw5b9g,,
Top Posts,Content Marketing,content-marketing,5 Visual Marketing Facts You Need to Know,,https://www.pixlee.com/blog/5-visual-marketing-facts-you-need-to-know/,E124,https://imgur.com/ehWZyyh
Top Posts,Content Marketing,content-marketing,5 Content Marketing Trends To Watch In 2019,John Hall,https://www.forbes.com/sites/johnhall/2018/10/14/5-content-marketing-trends-to-watch-in-2019/#22f0ccc81202,E125,https://imgur.com/j5AlWTU
Top Posts,Content Marketing,content-marketing,10 Brand Marketing Trends To Watch In 2019,Michael Stone,https://www.forbes.com/sites/michaelstone/2019/01/28/10-brand-marketing-trends-to-watch-in-2019/#489ea58e4708,E126,https://imgur.com/HH2rt9S
Top Posts,Content Marketing,content-marketing,The Future of Content Marketing: 10 Biggest Content Marketing Trends that Will Dominate 2019,Nidhi Dave,https://www.coredna.com/blogs/content-marketing-trends,E127,https://imgur.com/wPEnf0V
Top Posts,Content Marketing,content-marketing,Six Content Marketing Trends For 2019,Peter Boyd,https://www.forbes.com/sites/forbesagencycouncil/2018/11/14/six-content-marketing-trends-for-2019/#496fe9705047,E128,https://imgur.com/5pkZGL0
Top Posts,Content Marketing,content-marketing,What is Content Marketing?,Jessica Stansberry,https://youtu.be/jHZNWkOnlQg,,
Top Posts,Content Marketing,content-marketing,Content Creation Strategies: How To Create Content Online,Project Life Mastery,https://youtu.be/APQoWEqezFc,,
Top Posts,Content Marketing,content-marketing,What is Content Marketing?,Jessica Stansberry,https://youtu.be/jHZNWkOnlQg,,
Top Posts,Content Marketing,content-marketing,Digital Marketing Trends for 2019 Online Domination,The Deep End,https://youtu.be/JJCGCuUIVzc,,
Top Posts,Social Media,social-media,Five trends that will change how businesses use social media in 2019,Ryan Holmes,https://business.financialpost.com/entrepreneur/five-trends-that-will-change-how-businesses-use-social-media-in-2019,E129,https://imgur.com/Hw8qKOS
Top Posts,Social Media,social-media,Why Social Media Is Important for Business Marketing | Marketing Insider Group,,https://marketinginsidergroup.com/content-marketing/why-social-media-is-important-for-business-marketing/,E130,https://imgur.com/sXP7RVE
Top Posts,Social Media,social-media,The Importance of Social Media Marketing for Your Business &ndash; Gist,,https://blog.markgrowth.com/3-main-importance-of-social-media-marketing-for-your-business-6a5bb167df4a,E131,https://imgur.com/lvGFkrm
Top Posts,Social Media,social-media,How to Choose the Best Memes for Social Media Marketing,,https://visme.co/blog/best-memes/,E132,https://imgur.com/59mQqbp
Top Posts,Social Media,social-media,The 7 Biggest Secrets Of Social Media Influencers,,https://www.forbes.com/sites/jaysondemers/2018/03/17/the-7-biggest-secrets-of-social-media-influencers/#7ba1dc4226a9,E133,https://imgur.com/P6hhKYA
Top Posts,Social Media,social-media,27 of the Best Social Media Infographic Tips (You Will Wow Your Followers),,https://visme.co/blog/social-media-infographic/,E134,https://imgur.com/rZyh8n1
Top Posts,Social Media,social-media,Social media marketing trends 2019,"Somya Mehta, Smart Insights",https://www.smartinsights.com/social-media-marketing/social-media-strategy/social-media-marketing-trends-2019/,E135,https://imgur.com/ClzR1Hf
Top Posts,Social Media,social-media,13 Proven Social Media Marketing Tips for Small Businesses & Entrepreneurs,Buffer,https://youtu.be/q_RVYMN2SB8,,