Label,Slug,Img,Link,Heading,Description,Price,Free Trial
Analytics,analytics1,https://uploads-ssl.webflow.com/5c5c715c2b0f591069822560/5dc9f8eeb7545f6fc6f6e89b_T58.jpg,https://www.twitonomy.com/,Twitonomy,"Browse, search, filter and get insights on the people you follow and those who follow you.",free,Yes
Animation,animation1,https://uploads-ssl.webflow.com/5c5c715c2b0f591069822560/5dc9dc00052d671b05aea087_T30.jpg,https://sketchfab.com/features/animation,Sketchfab,Publish and find animated 3D models online and in VR,$3.99,No
Animation,animation2,https://uploads-ssl.webflow.com/5c5c715c2b0f591069822560/5dc9dc3eaf8806d6bb36143e_T31.jpg,https://www.adobe.com/products/animate.html,Animate,"Design interactive vector and bitmap animations for games, apps, and the web.",$20.99,Yes
Animation,animation3,https://uploads-ssl.webflow.com/5c5c715c2b0f591069822560/5dc9dc7466fd1b263e93d647_T28.png,https://biteable.com/animation/,Biteable,Create gorgeous animation online in an instant,$29,Yes
Animation,animation4,https://uploads-ssl.webflow.com/5c5c715c2b0f591069822560/5dc9dcafcd9d01e888ba545e_T32.png,https://www.animaker.com/2d-animation-software,Animaker,Make animated 2D videos online for free!,$12,Yes
Animation,animation5,https://uploads-ssl.webflow.com/5c5c715c2b0f591069822560/5dc9dcf3cd9d01372eba55f4_T33.png,https://www.toonboom.com,Toon Boom,The most powerful software ever created for animation production.,$23,Yes
Animation,animation6,https://uploads-ssl.webflow.com/5c5c715c2b0f591069822560/5dc9dd2d3fffe2a716f8827b_T34.png,https://www.keyshot.com/animation/,KeyShot,Animated visuals. In real-time.,$995,Yes
Animation,animation7,https://uploads-ssl.webflow.com/5c5c715c2b0f591069822560/5dc9dd61ee803c34d4e7a065_T35.jpg,http://www.abcya.com/animate.htm,ABCYa,ABCya! Animate is the best way for kids to make animations on the web.,free,Yes
DomainHost,domainhost1,https://uploads-ssl.webflow.com/5c5c715c2b0f591069822560/5dc9f9a2b730b5b7914ae684_T43.jpg,https://domains.google/#/,Google Domains,"Search for and register a domain, get hosting, and build a site with Google Domains. The best of the internet backed by the security of Google.",-,-
DomainHost,domainhost10,https://uploads-ssl.webflow.com/5c5c715c2b0f591069822560/5dc9f64b3020d0b3fb0f83a4_T11.png,https://www.wix.com,Wix,With Wix you don't have to worry about web hosting —we offer free and secure hosting for every Wix website.,-,-
DomainHost,domainhost11,https://uploads-ssl.webflow.com/5c5c715c2b0f591069822560/5dc9f5443020d02b410f7c80_T9.png,https://www.squarespace.com,SquareSpace,Squarespace helps you create your new website. Start a free trial today! Drag and Drop. Modern Templates. Custom Domains. Free 14-day Trial. No Plugins Necessary. 24/7 Customer Support.,-,-
DomainHost,domainhost12,https://uploads-ssl.webflow.com/5c5c715c2b0f591069822560/5dc9f5fc5f1e469e662ac621_T13.png,https://wordpress.org,Wordpress,"Create a free website or build a blog with ease on WordPress.com. Dozens of free, customizable, mobile-ready designs and themes. Free hosting and support.",-,-
DomainHost,domainhost13,https://uploads-ssl.webflow.com/5c5c715c2b0f591069822560/5dc9fa1f2f32322b9f99d4b8_T46.jpg,https://www.bluehost.com,Bluehost,Bluehost offers an array of web hosting products and packages optimized for your needs. Visit us & learn about our web hosting plan options!,-,-
DomainHost,domainhost14,https://uploads-ssl.webflow.com/5c5c715c2b0f591069822560/5dc9f5b13020d0b2e20f7e35_T14.jpg,https://us.webnode.com,Webnode,Save your hard-earned money and make your own website yourself in minutes. Free Domain with Premium. 100% Responsive Templates. 24/7 friendly support. Over 30 Million Users.,-,-
DomainHost,domainhost15,https://uploads-ssl.webflow.com/5c5c715c2b0f591069822560/5dc9fb320b137a55797a8997_T50.jpg,https://www.hostgator.com,HostGator,HostGator is a leading provider of secure and easy website hosting services. Discover why thousands of customers trust us to handle their hosting needs.,-,-
DomainHost,domainhost2,https://uploads-ssl.webflow.com/5c5c715c2b0f591069822560/5dc9f6665f1e463f352ac89c_T10.png,https://www.shopify.com,Shopify,Establish your brand and register your domain name through Shopify. Easy automated setup. No configuration needed.,-,-
DomainHost,domainhost3,https://uploads-ssl.webflow.com/5c5c715c2b0f591069822560/5dc9f9d02f3232f83999d1a3_T44.jpg,https://www.networksolutions.com,Network Solutions,Domain name registration just got easier with Network Solutions. Check to see if your domain is available with our Domain Name Search tool.,-,-
DomainHost,domainhost4,https://uploads-ssl.webflow.com/5c5c715c2b0f591069822560/5dc9f5443020d02b410f7c80_T9.png,https://www.squarespace.com,SquareSpace,Your domain name search is just the start. Find a domain name for your website and bring your vision to life. It starts with your domain name.,-,-
DomainHost,domainhost5,https://uploads-ssl.webflow.com/5c5c715c2b0f591069822560/5dc9fa06b730b51cf04ae859_T45.jpg,https://www.godaddy.com,GoDaddy,"GoDaddy makes registering Domain Names fast, simple, and affordable.",-,-
DomainHost,domainhost6,https://uploads-ssl.webflow.com/5c5c715c2b0f591069822560/5dc9fa1f2f32322b9f99d4b8_T46.jpg,https://www.bluehost.com,BlueHost,Easily check availability of domain names and secure registration with Bluehost. Visit us and take your first step towards owning a dream website domain!,-,-
DomainHost,domainhost7,https://uploads-ssl.webflow.com/5c5c715c2b0f591069822560/5dc9fa370b137a1eaa7a85fb_T47.jpg,https://www.domain.com,Domain.com,"Everything begins with the perfect web domain. A custom domain name is necessary to help your customers find you, and for credibility online. As an accredited domain provider, Domain.com allows you to choose from all the major top-level web domains.",-,-
DomainHost,domainhost8,https://uploads-ssl.webflow.com/5c5c715c2b0f591069822560/5dc9fa602f32327d9599d54a_T48.jpg,https://www.name.com,Name.com,Domain names. Website Builder. An intuitive interface and awesome designs make Name.com's Website Builder the simplest way to create a sleek and professional website.,-,-
DomainHost,domainhost9,https://uploads-ssl.webflow.com/5c5c715c2b0f591069822560/5dc9fa7a2f323278d399d5c5_T49.jpg,https://www.gandi.net/en,Gandi.net,"We host over 200000 websites, why not yours? Try any of our web hosting offers FREE for 10 days. No credit card required. No engagement.",-,-
Email,email1,https://uploads-ssl.webflow.com/5c5c715c2b0f591069822560/5dc9f92d3020d0d30f0fab81_T52.jpg,https://mailchimp.com/,Mail Chimp,"Email marketing, ads, landing pages, and CRM tools to grow your business on your terms.",free,Yes
Email,email2,https://uploads-ssl.webflow.com/5c5c715c2b0f591069822560/5dc9f9442f32321e3599cf28_T53.jpg,https://www.constantcontact.com/index.jsp,Constant Contact,"With Constant Contact, you can create effective email marketing and other online marketing campaigns to meet your business goals.",$20,Yes
Email,email3,https://uploads-ssl.webflow.com/5c5c715c2b0f591069822560/5dc9f95f9b4fd57c96a7313e_T54.jpg,https://convertkit.com/,ConvertKit,Get the email marketing tools and automation you need to grow your blog and business. Join 25000+ creators and try ConvertKit today.,$29,Yes
Email,email4,https://uploads-ssl.webflow.com/5c5c715c2b0f591069822560/5dc9f9789c1db96a12c0f19d_T64.jpg,https://www.aweber.com/,AWeber,Looking for affordable and easy to use email marketing and autoresponder tools? Click here to start your free email marketing trial with AWeber.,$19,Yes
GraphicDesign,graphicdesign1,https://uploads-ssl.webflow.com/5c5c715c2b0f591069822560/5dc9dd9daf88066eac3640e4_T18.png,https://www.canva.com,Canva,"Create beautiful designs with your team. Use Canva's drag-and-drop feature and layouts to design, share and print business cards, logos, presentations.",free,Yes
GraphicDesign,graphicdesign2,https://uploads-ssl.webflow.com/5c5c715c2b0f591069822560/5dc9dde5cd9d011674ba6ba1_T3.png,https://www.adobe.com,Adobe,"Create logos, icons, sketches, typography and other vector art with Adobe Illustrator.",$20.99,Yes
GraphicDesign,graphicdesign3,https://uploads-ssl.webflow.com/5c5c715c2b0f591069822560/5dc9de2cee803c50bfe7b14b_T1.png,https://www.picmonkey.com/blog/picmonkey-subscription-basic?utm_source=google&utm_medium=cpc&utm_campaign=G_Search_Brand_Proper_Not-Free_USA_EM&utm_content=PicMonkey_EM&utm_term=picmonkey_e_c_&gclid=CjwKCAjw5pPnBRBJEiwAULZKvgqaNDcvgVIJFwiXLz4Q-mDsahP_CuKCu0w9m0Be9lU9NPyTM1Xm3xoCaooQAvD_BwE,PicMonkey,"PicMonkey's graphic design tools make it easy to create professional designs, no training required. Make visual designs with graphics, templates, and more.",free,Yes
GraphicDesign,graphicdesign4,https://uploads-ssl.webflow.com/5c5c715c2b0f591069822560/5dc9de6a3fffe20aedf89f56_T21.jpg,https://venngage.com,Vennage,Join over 1 million people creating their own professional graphics with our easy ... Customize your infographic design by changing the fonts and colors.,$19,Yes
GraphicDesign,graphicdesign5,https://uploads-ssl.webflow.com/5c5c715c2b0f591069822560/5dc9de9caf8806b18d3666c0_T23.png,https://piktochart.com,Piktochart,"Create beautiful infographics, flyers, posters, presentations and reports easily with absolutely no design experience. Try Piktochart, it's free!",$29,Yes
GraphicDesign,graphicdesign6,https://uploads-ssl.webflow.com/5c5c715c2b0f591069822560/5dc9deccee803c4835e7b47d_T22.jpg,https://www.postermywall.com,PosterMyWall,"Design Studio by PosterMyWall. 5 Steps to Make Your Civil Rights Campaign Go Viral. Make your campaigns go viral with these 5 quick, easy and affordable strategies.",$9.98,Yes
GraphicDesign,graphicdesign7,https://uploads-ssl.webflow.com/5c5c715c2b0f591069822560/5dc9df1b3fffe29a15f8a53f_T24.jpg,https://crello.com,Crello,"The simplest online image editor. Create your own designs — posts, covers, graphics, and posters using the best software on the web. It's easy!",free,Yes
GraphicDesign,graphicdesign8,https://uploads-ssl.webflow.com/5c5c715c2b0f591069822560/5dc9df5166fd1b7caa93f984_T25.jpg,https://www.mycreativeshop.com,MyCreativeShop,"MyCreativeShop is the fastest and easiest way to create awesome brochures, flyers, postcards, business cards & more.",$19.95,No
Illustration,illustration1,https://uploads-ssl.webflow.com/5c5c715c2b0f591069822560/5dc9ebb7b730b511644a46d6_T36.jpg,https://affinity.serif.com/en-us/designer/,Affinity,"The fastest, smoothest, most precise professional graphic design software for desktop and iPad.",$49.99,No
Illustration,illustration2,https://uploads-ssl.webflow.com/5c5c715c2b0f591069822560/5dc9ec04b7545fcc7ef62121_T37.jpg,https://creativemarket.com/graphics/illustrations,Creative Market,"Ready-to-use graphics, fonts, themes, photos and more, starting at only $2!",$2+,No
Illustration,illustration3,https://uploads-ssl.webflow.com/5c5c715c2b0f591069822560/5dc9ec39b7545fa8d7f62bc0_T38.png,https://www.adobe.com/products/illustrator.html,Adobe Illustrator,"Create logos, icons, sketches, typography and other vector art with Adobe Illustrator.",$20.99,Yes
Illustration,illustration4,https://uploads-ssl.webflow.com/5c5c715c2b0f591069822560/5dc9ec71b730b590654a4b9f_T39.jpg,https://www.artweaver.de/en,Artweaver,Artweaver is a full-featured painting tool with a huge set of predefined realistic brushes to paint creatively or just experiment.,free,Yes
Illustration,illustration5,,,,,,
Illustration,illustration6,https://uploads-ssl.webflow.com/5c5c715c2b0f591069822560/5dc9eca95f1e461d322a65b2_T41.jpeg,http://graphiter.com,Graphiter,Graphiter - Experience Sketching! Graphiter is an easy to ... Use the Blend tool to create smooth gradients and realistic looking drawings.,free,Yes
Illustration,illustration7,https://uploads-ssl.webflow.com/5c5c715c2b0f591069822560/5dc9eceab730b526754a4de5_T42.jpg,https://www.clipstudio.net/en,ClipStudioPaint,"Graphics software and app optimized for drawing and painting, loved by concept.",$49.99,Yes
Photo,photo-6,https://uploads-ssl.webflow.com/5c5c715c2b0f591069822560/5dc9ee745f1e4687fa2a712c_T51.jpg,https://pixlr.com/,Pixlr,"With an impressive 2 million+ combinations of Free effects, filters and overlays to get creative, PIXLR turns every mobile device into a complete mobile photo editing tool that works best for simple tweaks right up to the more creative edits. Now you can edit your photos from wherever you are.",free,Yes
Photo,photo1,https://uploads-ssl.webflow.com/5c5c715c2b0f591069822560/5dc9de2cee803c50bfe7b14b_T1.png,https://www.picmonkey.com/blog/picmonkey-subscription-basic?utm_source=google&utm_medium=cpc&utm_campaign=G_Search_Brand_Proper_Not-Free_USA_EM&utm_content=PicMonkey_EM&utm_term=picmonkey_e_c_&gclid=CjwKCAjw5pPnBRBJEiwAULZKvgqaNDcvgVIJFwiXLz4Q-mDsahP_CuKCu0w9m0Be9lU9NPyTM1Xm3xoCaooQAvD_BwE,PicMonkey,"Create beautiful photos, logos, social media graphics, and facebook covers with PicMonkey's easy yet powerful photo editing and graphic design software.",$7.99,No
Photo,photo2,https://uploads-ssl.webflow.com/5c5c715c2b0f591069822560/5dc9ed4d2f323204f3990dfc_T2.png,https://www.adobe.com/,Adobe Photoshop,"Create and enhance photos, illustrations, and 3D artwork.",$20.99,Yes
Photo,photo3,https://uploads-ssl.webflow.com/5c5c715c2b0f591069822560/5dc9dde5cd9d011674ba6ba1_T3.png,https://www.adobe.com/,Adobe Creative Cloud,"20+ desktop and mobile apps, 100GB of cloud storage, portfolio website, and premium fonts.",$52.99,No
Photo,photo4,https://uploads-ssl.webflow.com/5c5c715c2b0f591069822560/5dc9eddb3020d0272e0f508c_T4.png,https://ivorymix.com/,Ivory Mix,Smart Visual Marketing Strategies and Stock Photos for Busy Entrepreneurs.,free,Yes
Photo,photo5,https://uploads-ssl.webflow.com/5c5c715c2b0f591069822560/5dc9ee375f1e461e522a70dd_T5.jpg,https://afterlight.co/,Afterlight,"A complete overhaul of the widely-popular Afterlight, thoughtfully re-designed & re-developed with ease of use in mind & an extensive list of brand new features.",$2.99,No
Photo,photo7,https://uploads-ssl.webflow.com/5c5c715c2b0f591069822560/5dc9eee73020d074400f5858_T7.jpg,https://vsco.co/,Vsco,"VSCO is a photo company for creators, by creators.",$19.99,Yes
Photo,photo8,https://uploads-ssl.webflow.com/5c5c715c2b0f591069822560/5dc9ef1b5f1e46a7032a7479_T8.jpeg,https://www.gimp.org/,Gimp,"GIMP is a cross-platform image editor available for GNU/Linux, OS X, Windows and more operating systems.",free,Yes
Print,print1,https://uploads-ssl.webflow.com/5c5c715c2b0f591069822560/5dc9f7f3a89295d055125531_T55.jpg,https://hotcards.com/,HotCards,Hotcards is a Cleveland based online printing and design company serving our community and the Nation with green printing and unparalleled culture,-,-
Print,print2,https://uploads-ssl.webflow.com/5c5c715c2b0f591069822560/5dc9f7d7b730b55ec14ad29e_T56.jpg,https://www.4imprint.com/,4imprint,"Promotional products by 4imprint. Find the perfect promotional items for business branding, saying thanks, or spreading the word.",-,-
Print,print3,https://uploads-ssl.webflow.com/5c5c715c2b0f591069822560/5dc9f7b5b7545f3980f6d18a_T57.jpg,https://www.vistaprint.com,Vistaprint,Vistaprint empowers small businesses like yours to market themselves effectively.,-,-
Print,print4,https://uploads-ssl.webflow.com/5c5c715c2b0f591069822560/5dc9f799a892956249125285_T60.jpg,https://www.deluxe.com/products/brands/inkhead/,Inkhead,InkHead has officially joined Deluxe.com to offer you even more customized Items and merchandise. Login with your InkHead credentials to reorder today!,-,-
Print,print5,https://uploads-ssl.webflow.com/5c5c715c2b0f591069822560/5dc9f77eb730b5b0164ad1ba_T59.jpg,https://www.staples.com/services/printing/,Staples,"Shop Staples for business essentials, printers, ink, computers, office furniture, printing services, promotional products and more. Solutions for Worklife.",-,-
Print,print6,https://uploads-ssl.webflow.com/5c5c715c2b0f591069822560/5dc9f75e5f1e4642cd2acb54_T61.jpg,https://www.officedepot.com/cm/print-and-copy/print-services,Office Depot,"Low prices on office supplies, furniture, paper, electronics, ink and on print & technology services.",-,-
Print,print7,https://uploads-ssl.webflow.com/5c5c715c2b0f591069822560/5dc9f740b7545f40e8f6cdc5_T62.jpg,https://www.conquestgraphics.com/,Conquest Graphics,"With Conquest Graphics' Quick Ship program, and expedited turnarounds available, we are committed to get your project to you when you need it.",-,-
Print,print8,,https://www.bannerbuzz.com,BannerBuzz,"BannerBuzz is your source for custom banner printing, displays, & graphics. Create flags for special events, signs with your logo, & more. Get started today!",-,-
SocialMedia,socialmedia1,https://uploads-ssl.webflow.com/5c5c715c2b0f591069822560/5dc9f813b730b59f224ad397_T69.jpg,https://www.instagram.com/,Instagram,"A simple, fun & creative way to capture, edit & share photos, videos & messages with friends & family.",free,-
SocialMedia,socialmedia2,https://uploads-ssl.webflow.com/5c5c715c2b0f591069822560/5dc9f82db7545f9d6cf6e1c1_T67.jpg,https://www.pinterest.com/,Pinterest,"Discover recipes, home ideas, style inspiration and other ideas to try.",free,-
SocialMedia,socialmedia3,https://uploads-ssl.webflow.com/5c5c715c2b0f591069822560/5dc9f8440b137a4aa47a5274_T71.jpg,https://www.linkedin.com/,Linked In,"500 million+ members | Manage your professional identity. Build and engage with your professional network. Access knowledge, insights and opportunities.",free,-
SocialMedia,socialmedia4,https://uploads-ssl.webflow.com/5c5c715c2b0f591069822560/5dc9f859b730b56cb54ad501_T68.jpg,https://www.twitch.tv/,Twitch,Twitch is the world's leading live streaming platform for gamers and the things we love. Watch and chat now with millions of other fans from around the world.,free,-
SocialMedia,socialmedia5,https://uploads-ssl.webflow.com/5c5c715c2b0f591069822560/5dc9f86fb7545f8227f6e290_T66.jpg,https://www.facebook.com/,Facebook,"Connect with friends, family and other people you know. Share photos and videos, send messages and get updates.",free,-
SocialMedia,socialmedia6,https://uploads-ssl.webflow.com/5c5c715c2b0f591069822560/5dc9f884b7545f53dff6e447_T72.jpg,https://www.tumblr.com/,Tumblr,"Tumblr is a place to express yourself, discover yourself, and bond over the stuff you love. It's where your interests connect you with your people.",free,-
SocialMedia,socialmedia7,https://uploads-ssl.webflow.com/5c5c715c2b0f591069822560/5dc9f89c2f3232654c99c207_T65.jpg,https://twitter.com/?lang=en,Twitter,"From breaking news and entertainment to sports and politics, get the full story with all the live commentary.",free,-
SocialMedia,socialmedia8,https://uploads-ssl.webflow.com/5c5c715c2b0f591069822560/5dc9f8b62f323249ef99c245_T70.jpg,https://www.youtube.com/,Youtube,"Enjoy the videos and music you love, upload original content, and share it all with friends, family, and the world on YouTube.",free,-
Video,video1,https://uploads-ssl.webflow.com/5c5c715c2b0f591069822560/5dc9ef5b0b137af58379eb21_T26.jpg,https://www.ripl.com,Ripl,Create eye-catching social media videos.,$14.99,Yes
Video,video2,https://uploads-ssl.webflow.com/5c5c715c2b0f591069822560/5dc9ef85b730b535914a6ebe_T27.jpg,https://www.adobe.com/products/premiere.html,Premiere Pro,"Premiere Pro is the leading video editing software for film, TV, and the web.",$20.99,Yes
Video,video3,https://uploads-ssl.webflow.com/5c5c715c2b0f591069822560/5dc9deccee803c4835e7b47d_T22.jpg,https://www.postermywall.com,PosterMyWall,"Create amazing Posters, Videos & Graphics For Your Business.",$9.98,Yes
Video,video4,https://uploads-ssl.webflow.com/5c5c715c2b0f591069822560/5dc9dc7466fd1b263e93d647_T28.png,https://biteable.com,Biteable,Make better videos than your competitors. On your lunch break.,$29,Yes
Video,video5,https://uploads-ssl.webflow.com/5c5c715c2b0f591069822560/5dc9f025b730b53a5f4a713e_T29.jpg,https://promo.com,Promo,All the videos you need to promote your business. Simply add your message and logo.,$49,Yes
Website,website1,https://uploads-ssl.webflow.com/5c5c715c2b0f591069822560/5dc9f5443020d02b410f7c80_T9.png,https://www.squarespace.com,Square Space,Squarespace is the all-in-one solution for anyone looking to create a beautiful website.,$12,Yes
Website,website2,https://uploads-ssl.webflow.com/5c5c715c2b0f591069822560/5dc9f6665f1e463f352ac89c_T10.png,https://www.shopify.com,Shopify,"We're not just an ecommerce software, Shopify is the best ecommerce platform that has everything you need to sell online, on social media, or in person.",$29+,Yes
Website,website3,https://uploads-ssl.webflow.com/5c5c715c2b0f591069822560/5dc9f64b3020d0b3fb0f83a4_T11.png,https://www.wix.com,Wix,Create a free website with Wix.com. Choose a stunning template and customize anything with the Wix website builder—no coding skills needed.,$11+,Yes
Website,website4,https://uploads-ssl.webflow.com/5c5c715c2b0f591069822560/5dc9f6292f3232fc3599a996_T12.jpg,https://webflow.com,Webflow,"Build responsive websites in your browser, then host with us or export your code to host wherever. Discover the professional website builder made for designers.",$12+,Yes
Website,website5,https://uploads-ssl.webflow.com/5c5c715c2b0f591069822560/5dc9f5fc5f1e469e662ac621_T13.png,https://wordpress.org,Wordpress,"Create a free website or build a blog with ease on WordPress.com. Dozens of free, customizable, mobile-ready designs and themes. Free hosting and support.",free,No
Website,website6,https://uploads-ssl.webflow.com/5c5c715c2b0f591069822560/5dc9f5b13020d0b2e20f7e35_T14.jpg,https://us.webnode.com,Webnode,Save your hard-earned money and make your own website yourself in minutes.,-,No
Website,website7,https://uploads-ssl.webflow.com/5c5c715c2b0f591069822560/5dc9f595b730b5a51a4ab5a9_T15.jpg,https://www.website.com,Website.com,Website.com makes it easy for you to create a website and grow your business online with ecommerce and SEO solutions all in one place.,-,Yes
