Title,Industry,URL,Category
üè° Facebook Ads Real Estate Agents | 53 Leads a Month,Real Estate,https://youtu.be/ABX_4EOi9ak,Blogs
10 Benefits Of Exercise On The Brain And Body - Why You Need Exercise,Health & Fitness,https://www.youtube.com/watch?v=yTL_bNvXJ9s,Blogs
10 Healthcare Marketing Strategies and Trends Shaping 2019,Healthcare,https://www.bluecorona.com/blog/healthcare-marketing-trends-strategies,Blogs
10 Important 2019 SEO Trends You Need to Know,Marketing/Analytics/SEO,https://www.searchenginejournal.com/seo-trends/281053/,Blogs
13 Funny Couple Pranks,Entertainment & Media,https://www.youtube.com/watch?v=zbCWtrVsLGs,Blogs
13 Proven Social Media Marketing Tips for Small Businesses & Entrepreneurs,Social Media,https://youtu.be/q_RVYMN2SB8,Blogs
13 Video Trends We're Super Excited About for 2019,Video,https://wistia.com/learn/marketing/video-trends-2019,Blogs
200 Days - A Trip Around the World Travel Film,Travel & Lifestyle,https://www.youtube.com/watch?v=RcmrbNRK-jY,Blogs
2019 Attorney Social Media Marketing: Using Instagram to Market Your Law Firm,Legal,https://youtu.be/QYSu3mxA8WY,Blogs
2019 Farm Marketing Solutions Content Plan,Agriculture,https://youtu.be/pUH3rEXZIPE,Blogs
27 of the Best Social Media Infographic Tips (You Will Wow Your Followers),Social Media,https://visme.co/blog/social-media-infographic/,Blogs
32 Places You Need To Eat At In London | The Ultimate List,Food & Drink,https://www.youtube.com/watch?v=yCCyJD7cVKU,Blogs
4 Best Animation Styles for Business Videos,Animation,https://youtu.be/xlOQ0ELrqTI,Blogs
42 Foods You Need To Eat Before You Die | The Ultimate List,Food & Drink,https://www.youtube.com/watch?v=0SPwwpruGIA,Blogs
44 BEAUTY TIPS AND TRICKS EVERY GIRL SHOULD KNOW,Fashion & Beauty,https://www.youtube.com/watch?v=xdgiu80RW8A,Blogs
5 Daily Exercises for Fitness - Health Sutra - Best Health Tips,Health & Fitness,https://www.youtube.com/watch?v=1BW-vmlxuDQ,Blogs
5 Online Logo Makers & Generators to Design Your Brand,Logo,https://www.shopify.com/blog/online-logo-makers,Blogs
5 Reasons Why Finland Is A Global Education Leader,Education,https://www.youtube.com/watch?v=UfmFIEh2QjU,Blogs
5 Visual Marketing Facts You Need to Know,Content Marketing,https://www.pixlee.com/blog/5-visual-marketing-facts-you-need-to-know/,Blogs
50 Beautiful Presentation Background Templates [Edit and Download],Graphic Design,https://visme.co/blog/presentation-background/,Blogs
6 Psychology-Backed Hacks for Making Engaging Videos,Video,https://blog.hubspot.com/marketing/psychology-hacks-for-making-engaging-videos,Blogs
7 Video Marketing Trends to Look Out for in 2019,Video,https://animoto.com/blog/video-marketing/video-marketing-trends-2019/,Blogs
7 Ways to Create More Engaging Videos That Rank Higher in YouTube,Video,https://www.entrepreneur.com/article/225791,Blogs
A Guide to Designing Cute Quote Graphics ‚Äì Learn,Graphic Design,https://www.canva.com/learn/guide-designing-cute-quote-graphics/,Blogs
A Non-Designer‚Äôs Guide to Creating Memorable Visual Presentations [Free E-Book],Graphic Design,https://visme.co/blog/presentation-design/,Blogs
A step-by-step guide to creating a marketing animation | Smart Insights,Animation,https://www.smartinsights.com/digital-marketing-platforms/video-marketing/animation-guide/,Blogs
Adobe Photoshop Tutorial : The Basics for Beginners,Photo,https://youtu.be/pFyOznL9UvA,Blogs
Adobe XD Landing Page Design Tutorial with unDraw,Technology,https://youtu.be/KLCmXOdPw5o,Blogs
Animaker Tutorial : How to create Awesome videos using Animaker,Animation,https://youtu.be/ImTiE7_Qz9M,Blogs
"Ariana Grande - break up with your girlfriend, i'm bored",Music,https://www.youtube.com/watch?v=LH4Y1ZUUx2g,Blogs
BALI - Doyoutravel X Gypsea Lust,Travel & Lifestyle,https://www.youtube.com/watch?v=8PNTZEv-e54,Blogs
Bebe Rexha - Last Hurrah (Official Music Video),Music,https://www.youtube.com/watch?v=fTNnwzXrVdg,Blogs
Benefits of Entrepreneurship Education | Wadhwani Foundation,Education,https://www.youtube.com/watch?v=rEuyEcUoBas,Blogs
Best Investing Apps In 2018 (Top 5 Ranked),Accounting & Finance,https://youtu.be/gIeT2Px6DvE,Blogs
BEST VSCO EDITING TUTORIAL EVER!!!,Photo,https://youtu.be/r2wL56xnwKs,Blogs
Beychella Homecoming mix | Beyonce | Aliya Janell Choreography | Queens N Lettos,Entertainment & Media,https://www.youtube.com/watch?v=dmJJ6rOZpf0,Blogs
Black and White Op Art Visual Background Video,Visual Arts,https://www.youtube.com/watch?v=Rj6Cl9INxCE,Blogs
Brand Identity: How to Build One with an Animated Marketing Video,Animation,https://mention.com/blog/build-brand-identity-animated-marketing-video/,Blogs
"Building New Habits | Can We Love Health, Fitness, & Cleaning?",Health & Fitness,https://www.youtube.com/watch?v=mEa-g162r4k,Blogs
Canfield Family Farm - Direct-Marketing and On-Farm Feed Business,Agriculture,https://youtu.be/ru4pCxkh0d4,Blogs
"Chris Brown - Wobble Up (Official Video) ft. Nicki Minaj, G-Eazy",Music,https://www.youtube.com/watch?v=odgvsMFSIo8,Blogs
Collins sees evidence of 'cover-up' in newly released transcripts,Entertainment & Media,https://www.youtube.com/watch?v=-ncoEH39xe4,Blogs
Content Creation Strategies: How To Create Content Online,Content Marketing,https://youtu.be/APQoWEqezFc,Blogs
Create Facebook Ad Graphics In 60 Seconds With PicMonkey,Graphic Design,https://youtu.be/eYwiGKy_xjg,Blogs
Digital Marketing Trends for 2019,Marketing & PR,https://youtu.be/0N-hhuW5g84,Blogs
Digital Marketing Trends for 2019 Online Domination,Content Marketing,https://youtu.be/JJCGCuUIVzc,Blogs
Digital Marketing Trends for the Modern Tech Company - B2B Marketing Agency | Elevation B2B,Technology,https://www.elevationb2b.com/blog/digital-marketing-trends-modern-tech-company,Blogs
Digital Marketing Trends in 2019 - Hot in Social Media,Marketing & PR,https://youtu.be/33yFrYnAzus,Blogs
"DJ Khaled - Wish Wish ft. Cardi B, 21 Savage",Music,https://www.youtube.com/watch?v=Oq8z-U3bPgo,Blogs
Dr. Oz's Morning Workout,Health & Fitness,https://www.youtube.com/watch?v=8XRNwAXKb3s,Blogs
E-Commerce Beginners Day 1 - Create a profitable Shopify store,Online Store & Retail,https://youtu.be/_IeE5w1CsaU,Blogs
eCommerce Marketing Strategies - 12 Killer Tips,Online Store & Retail,https://youtu.be/7HgGiCK33ow,Blogs
Editing Photos On PicMonkey.com,Photo,https://youtu.be/vFEc5j2We2Y,Blogs
Education: Motivation for Students,Education,https://www.youtube.com/watch?v=qVzsKgIlN3w,Blogs
Eugene's Guide To Every Hair Product,Fashion & Beauty,https://www.youtube.com/watch?v=8DQrYTXpAm4,Blogs
Facebook Advertising For Lawyers: The 3 Secrets to Getting More Law Clients From Social Media,Legal,https://youtu.be/UpII21Z0ULg,Blogs
Facebook Marketing for Lawyers: An Amazing Way to Target New Clients (2019),Legal,https://youtu.be/KLjgRXdUG_E,Blogs
Finance marketing explainer video | Animation company,Accounting & Finance,https://youtu.be/gUYjYEGbxEY,Blogs
Five trends that will change how businesses use social media in 2019,,,Blogs
Five trends that will change how businesses use social media in 2019,Social Media,https://business.financialpost.com/entrepreneur/five-trends-that-will-change-how-businesses-use-social-media-in-2019,Blogs
Fixing Photography,Photo,https://medium.com/@Zimberoff/disrupting-stock-photography-fffe1c7d5b99,Blogs
Future of Healthcare Content Marketing Webinar,Healthcare,https://youtu.be/dd0AGPUZTKg,Blogs
Game Of Thrones' Series Finale Post-Mortem | Entertainment Weekly,Entertainment & Media,https://www.youtube.com/watch?v=rbxHvCI1wBo,Blogs
Generating Real Estate Leads and Clients with Content Marketing | Ray Ellen | Summit 2017,Real Estate,https://youtu.be/xxzvYwA93Ck,Blogs
Ground-Breaking PR Trends That are Going to Dominate 2019,,,Blogs
Ground-Breaking PR Trends That are Going to Dominate 2019,Marketing & PR,https://www.entrepreneur.com/article/329777,Blogs
How Animation Can Become a Part of Your Digital Marketing Strategy,Animation,https://curatti.com/animation-digital-marketing-strategy/,Blogs
How do you choose colors for a real estate logo? | 99designs,Real Estate,https://99designs.com/logo-design/psychology-of-color/real-estate,Blogs
How to Brainstorm the Perfect Logo for Your Business,Logo,https://visme.co/blog/logo-ideas/,Blogs
How to Choose the Best Memes for Social Media Marketing,Social Media,https://visme.co/blog/best-memes/,Blogs
HOW TO CREATE A POSTER USING POSTERMYWALL,Graphic Design,https://youtu.be/NsNLltTrMDY,Blogs
How To Create a Squarespace Website - Bedford,Website,https://youtu.be/i5EBcGMqDp4,Blogs
How to Create A Starter Website For Your Business | Small Business BC,Website,https://smallbusinessbc.ca/article/create-starter-website-business/,Blogs
How to Create Image Graphics for Social Media that Engage and Stand Out,Graphic Design,https://youtu.be/4OWGwacVBDA,Blogs
How to Drive Targeted Traffic to Your Online Store,Online Store & Retail,https://youtu.be/qQPGOKeuPwE,Blogs
How to get started with a law firm marketing plan.,Legal,https://youtu.be/1NJXzTZOHfA,Blogs
HOW TO IMPLEMENT A HEALTHY LIFESTYLE | Setting Habits & Wellness Goals,Health & Fitness,https://www.youtube.com/watch?v=65KDZLu4klU,Blogs
How to Make A Website for Beginners | TECH TALK,Website,https://youtu.be/JKxOFCnM3fQ,Blogs
How to Make a Website?,Website,https://youtu.be/t3pz8ZIkLdY,Blogs
How to Make an Animated Promo Video in 20 Minutes,Animation,https://youtu.be/0CBa66gQGBo,Blogs
How to Make an Infographic: A Visual Guide for Beginners [Free E-Book],Graphic Design,https://visme.co/blog/how-to-make-an-infographic/,Blogs
HOW TO MAKE ANIMATED VIDEOS LIKE ME!!,Animation,https://youtu.be/ft8IPX6RXuo,Blogs
How To Make Videos More Interesting,Video,https://youtu.be/9h-PbBZqayY,Blogs
HOW TO MAKE YOUR MAKEUP LAST ALL DAY!,Fashion & Beauty,https://www.youtube.com/watch?v=CnQTN_-mW7U,Blogs
How To Market A Small Law Firm On The Internet 2018,Legal,https://youtu.be/VX35BNloemQ,Blogs
How to Market Yourself as a New Real Estate Agent,Real Estate,https://youtu.be/oKI7ow5Vul0,Blogs
How To Market Yourself as a Real Estate Agent,Real Estate,https://youtu.be/HPJkTD1jQ7k,Blogs
How to Reupholster a Chair,,,Blogs
How to Reupholster a Chair,Home & Living,https://www.thebudgetdecorator.com/how-to-reupholster-a-chair/,Blogs
HOW TO START AN ONLINE STORE + how i started a business at 22,Online Store & Retail,https://youtu.be/S-rRc4ZHs9Q,Blogs
How To Use Canva - Tutorial!,Graphic Design,https://youtu.be/WL-WbHwsbs8,Blogs
I Bought Everything In A Store - Challenge,Entertainment & Media,https://www.youtube.com/watch?v=ha4tRQwKIUg,Blogs
I Went to Japan for the First Time | Tokyo Travel Vlog (Pt.1),Travel & Lifestyle,https://www.youtube.com/watch?v=QPcwfuStFnU,Blogs
"Ice Golas - Street Food & Drink Of Mumbai, Juhu Beach, India",Food & Drink,https://www.youtube.com/watch?v=K3r7uUKh1vo&pbjreload=10,Blogs
Image SEO is on the rise again. Here is what you need to know to stay ahead.,Marketing/Analytics/SEO,https://visme.co/blog/image-seo/,Blogs
In Their Own Words: Why Top Photographers Use Photoshop,Photo,https://www.creativelive.com/blog/why-photographers-use-photoshop/,Blogs
Is private education good for society? | The Economist,Education,https://www.youtube.com/watch?v=aV6w-zoacYk,Blogs
Kids Try 100 Years of British Food,Food & Drink,https://www.youtube.com/watch?v=Dx84hZ7tKo4,Blogs
Law Firm Video Marketing How to Create Powerful Videos,Legal,https://youtu.be/M5f4rOjsewQ,Blogs
Learn from a Pro: Advanced Marketing Tips for Accountants & Bookkeepers,Accounting & Finance,https://youtu.be/VKg5xEkBFng,Blogs
Legal Marketing Trends to Look Out for in 2019,,,Blogs
Lil Nas X - Old Town Road (feat. Billy Ray Cyrus) [Music Video],Music,https://www.youtube.com/watch?v=gUcisIlT7sM,Blogs
"Logo Design Tips, Logo News and How To Blogs | Logo Maker",Logo,https://www.logomaker.com/blog/,Blogs
Marketing 2020: The Future of Advertising,Marketing & PR,https://youtu.be/rw-tlt3AnI0,Blogs
"Marketing to Farmers, Ag Digital Marketing Guide",,,Blogs
Met Gala 2019 Red Carpet Arrivals ‚Äî LIVE STREAM | NowThis,Fashion & Beauty,https://www.youtube.com/watch?v=eKE2fHEFgDY,Blogs
Mouthwatering Recipes For Junk Food Lovers,Food & Drink,https://www.youtube.com/watch?v=R5c4anO0m-k,Blogs
NEW 2016 Psychedelic Psychill 3D Visual Progressive Music Mix,Visual Arts,https://www.youtube.com/watch?v=8t3XYNxnUBs,Blogs
New Wix Tutorial! How to Make a Stunning Website!,Website,https://youtu.be/6Q4737kSSzA,Blogs
Only Eating Recommended Serving Sizes for a Day! (IMPOSSIBLE 24 HOUR FOOD CHALLENGE),Food & Drink,https://www.youtube.com/watch?v=hQ4eF2yt99M,Blogs
Optimize Google My Business: How to Use Identity Photos,Photo,https://blog.reachlocal.com/how-to-optimize-your-google-my-business-information-using-identity-photos,Blogs
Patti Fletcher,,,Blogs
Photo Editing for Beginners - Easy Tips,Photo,https://youtu.be/tLvz4QIiTno,Blogs
Profitable Farming and Designing for Farm Success by JEAN-MARTIN FORTIER,Agriculture,https://youtu.be/92GDHGPSmeI,Blogs
PUR Cosmetics 100 FOUNDATION SHADES?! I'm Confusion Luv | Jackie Aina,Fashion & Beauty,https://www.youtube.com/watch?v=gzvZWIoRA44,Blogs
Real Estate Marketing Video 2 - BENITRAGE LLC,Real Estate,https://youtu.be/mR2GNOizwaw,Blogs
Shopify Tutorial For Beginners - Create An Online Shopify Store 2019,Website,https://youtu.be/E58ZVwOhj6c,Blogs
Six Important Reasons To Redesign Your Website,Website,https://www.forbes.com/sites/forbescommunicationscouncil/2017/06/13/six-important-reasons-to-redesign-your-website/#3c7062c47853,Blogs
Social Media Marketing in the Healthcare Industry,Healthcare,https://youtu.be/3JF6rREyVVg,Blogs
"STARTING AN ONLINE BUSINESS // photography, modeling, thrifting, website design",Online Store & Retail,https://youtu.be/c12qIxR2QOA,Blogs
Taylor Swift - ME! (feat. Brendon Urie of Panic! At The Disco),Music,https://www.youtube.com/watch?v=FuXNumBwDOM,Blogs
TED Talks Education,Education,https://www.youtube.com/watch?v=dilnw_dP3xk,Blogs
The 2019 UI Design Crash Course for Beginners,Technology,https://youtu.be/_Hp_dI0DzY4,Blogs
The 5 Types of Animation,Animation,https://youtu.be/NZbrdCAsYqU,Blogs
The 7 Biggest Secrets Of Social Media Influencers,Social Media,https://www.forbes.com/sites/jaysondemers/2018/03/17/the-7-biggest-secrets-of-social-media-influencers/#7ba1dc4226a9,Blogs
The Best New Google Ads Tricks (for 2019!),Marketing & PR,https://youtu.be/Ro0WeWnFvSQ,Blogs
The CEO of Oscar Health Is Disrupting The Healthcare System,Healthcare,https://youtu.be/GO62tqTFa0c,Blogs
The Power of Gamification in Education | Scott Hebert | TEDxUAlberta,Education,https://www.youtube.com/watch?v=mOssYTimQwM,Blogs
THE SECRET LIFE OF PETS 2 Final Trailer 2 (2019),Entertainment & Media,https://www.youtube.com/watch?v=niIOTKW04oo,Blogs
Things to know BEFORE you go to LOS ANGELES - LA Travel Tips 2019,Travel & Lifestyle,https://www.youtube.com/watch?v=tvDH4JM_gME,Blogs
Thrifting $75 Outfits in 15 Minutes! ~ NAYVA Ep #27 ~ FASHION & BEAUTY,Fashion & Beauty,https://www.youtube.com/watch?v=h2_rUPWQyrI,Blogs
Top 10 Accounting Firms üíµ,Accounting & Finance,https://youtu.be/nBu3y78CEvM,Blogs
TOP 5 App Marketing Trends in 2019 üî• Nr. 3 is the Best!,Marketing & PR,https://youtu.be/lRNACwQTpT0,Blogs
Top 7 INCREDIBLE Travel Destinations of 2019 | Where to Travel This Year!,Travel & Lifestyle,https://www.youtube.com/watch?v=lJ87yD_8u3U,Blogs
Trick Art Drawing 3D Tiny House on paper,Visual Arts,https://www.youtube.com/watch?v=HCKMkM0wF9o,Blogs
Turn Your Videos Into Instagram BANGERS! My Workflow.,Video,https://youtu.be/dvEQiuBDSVA,Blogs
Ultimate Video Marketing Strategy for Financial Professionals in 2019 - Owen Video,Accounting & Finance,https://youtu.be/PUtD7VczTRs,Blogs
Unleash The Power Of Path Animations With SVGator ‚Äî Smashing Magazine,Animation,https://www.smashingmagazine.com/2019/06/unleash-power-path-animations-svgator/,Blogs
Using Video Marketing for Business | How to Grow Your Business With Video,Video,https://youtu.be/4OvHyeAECQ0,Blogs
Video Editing Apps for Instagram!,Video,https://youtu.be/DADk0_lZyVU,Blogs
"Video Marketing In 2018, Maximize Video Reach On Social Media",Video,https://youtu.be/OPvERYM62u8,Blogs
Visual Artists MUST Know This!!! Cesar Santos vlog 038,Visual Arts,https://www.youtube.com/watch?v=UDN621aJHQU,Blogs
Visual Arts Video,Visual Arts,https://www.youtube.com/watch?v=PA9wBGcFUqI,Blogs
VSCO + Afterlight | Simple Editing Tutorial,Photo,https://youtu.be/ivYgYQ_coIM,Blogs
Ways to Create Engaging Video Content for Social Media,Video,https://nealschaffer.com/6-powerful-ways-to-create-engaging-video-content-for-social-media/,Blogs
What is UX Design? Defining User Experience Design & Explaining the Process,Technology,https://youtu.be/CJnfAXlBRTE,Blogs
What makes a truly great logo,Logo,https://youtu.be/RBTiTcHm_ac,Blogs
What's the purpose of logos and why do they matter?,Logo,https://logogeek.uk/logo-design/why-logos-matter/,Blogs
Why 98% of Real Estate Agents won‚Äôt do this - Gary Vaynerchuk,Real Estate,https://youtu.be/8SNMrMsDuKA,Blogs
Why Animated Video is the Best Strategy for Your Social Media,Animation,https://www.dreamgrow.com/animated-video/,Blogs
Why is a Professional Logo Important?,Logo,https://youtu.be/wyP8gTIXdBo,Blogs
Why Local Businesses Will Need Websites More than Ever in 2019,Website,https://moz.com/blog/local-businesses-need-websites,Blogs
Why Social Media Is Important for Business Marketing | Marketing Insider Group,Social Media,https://marketinginsidergroup.com/content-marketing/why-social-media-is-important-for-business-marketing/,Blogs
Your EDM | Electronic Dance Music News & EDM Reviews,"<a href=""https://www.youredm.com"" target=""_blank"" rel=""noopener noreferrer"">Read More...</a>

<!-- Created with Elementor -->",http://35.243.181.235/wp-content/uploads/2020/01/E71.jpg,Blogs
Your EDM | Electronic Dance Music News & EDM Reviews,Music,https://www.youredm.com,Blogs
,,,
,,,
,,,
,,,
,,,
,,,
,,,
,,,
,,,
,,,
,,,
,,,
,,,
,,,
,,,
,,,
,,,
,,,
,,,
,,,
,,,
,,,
,,,
,,,
,,,
,,,
,,,
,,,
,,,
,,,
,,,
,,,
,,,
,,,
,,,
,,,
,,,
,,,
,,,
,,,
,,,
,,,
,,,
,,,
,,,
,,,
,,,
,,,
,,,
,,,
,,,
,,,
,,,
,,,
,,,
,,,
,,,
,,,
,,,
,,,
,,,
,,,
,,,
,,,
,,,
,,,
,,,
,,,
,,,
,,,
,,,
,,,
,,,
,,,
,,,
,,,
,,,
,,,
,,,
,,,
,,,
,,,
,,,
,,,
,,,
,,,
,,,
,,,
,,,
,,,
,,,
,,,
,,,
,,,
,,,
,,,
,,,
,,,
,,,
,,,
,,,
,,,
,,,
,,,
,,,
,,,
,,,
,,,
,,,
,,,
,,,
,,,
,,,
,,,
,,,
,,,
,,,
,,,
,,,
,,,
,,,
,,,
,,,
,,,
,,,
,,,
,,,
,,,
,,,
,,,
,,,
,,,
,,,
,,,
,,,
,,,
,,,
,,,
,,,
,,,
,,,
,,,
,,,
,,,
,,,
,,,
,,,
,,,
,,,
,,,
,,,
,,,
,,,
,,,
,,,
,,,
,,,
,,,
,,,
,,,
,,,
,,,
,,,
,,,
,,,
,,,
,,,
,,,
,,,
,,,
,,,
,,,
,,,
,,,
,,,
,,,
,,,
,,,
,,,
,,,
,,,
,,,
,,,
,,,
,,,
,,,
,,,
,,,
,,,
,,,
,,,
,,,
,,,
,,,
,,,
,,,
,,,
,,,
,,,
,,,
,,,
,,,
,,,
,,,
,,,
,,,
,,,
,,,
,,,
,,,
,,,
,,,
,,,
,,,
,,,
,,,
,,,
,,,
,,,
,,,
,,,
,,,
,,,
,,,
,,,Blogs
,Illustration,,Blogs
,Email,,Blogs
,Print,,Blogs
,,,Blogs