id,Title,Content,URL,Tags,Folders,Categories
388,"5 Content Marketing Trends To Watch In 2019",,,,Blogs,"Posts>Recommended for you>Industry>Accounting/Finance"
389,"5 trends that will define retail marketing in 2019",,,,Blogs,"Posts>Recommended for you>Industry>Online Stores/Retail"
390,"6 legal marketing trends for 2019",,,,Blogs,"Posts>Recommended for you>Industry>Legal"
391,"Anytime Fitness Blog - Workouts, Recipes, and Weight Loss",,,,Blogs,"Posts>Recommended for you>Industry>Health &amp; Fitness"
392,"Art, Photo, Design & Film",,,,Blogs,"Posts>Recommended for you>Industry>Visual Arts"
393,"Charming But Cheap Bedroom Decorating Ideas",,,,Blogs,"Posts>Recommended for you>Industry>Home &amp; Living"
394,"Adventure Travel & Photography Blog",,,,Blogs,"Posts>Recommended for you>Industry>Health &amp; Fitness"
395,"Five trends that will change how businesses use social media in 2019",,,,Blogs,"Posts>Recommended for you>Industry>Agriculture|Posts>Recommended for you>Industry>Technology"
396,"Ground-Breaking PR Trends That are Going to Dominate 2019",,,,Blogs,"Posts>Recommended for you>Industry>Marketing/PR"
397,"10 Digital Healthcare Analytics Every Provider & Payer Should Measure in 2019",,,,Blogs,"Posts>Recommended for you>Industry>Healthcare"
398,Kitchn,,,,Blogs,"Posts>Recommended for you>Industry>Food &amp; Drink"
399,"Popular tracks / Hype Machine",,,,Blogs,"Posts>Recommended for you>Industry>Music"
400,"Sharing and Attention in the Academic Gig Economy",,,,Blogs,"Posts>Recommended for you>Industry>Education"
401,"Technology Content Marketing: Top Trends + Brands",,,,Blogs,"Posts>Recommended for you>Industry>Marketing/PR|Posts>Recommended for you>Industry>Technology"
402,"The Daily Beast",,,,Blogs,"Posts>Recommended for you>Industry>Entertainment &amp; Media"
403,"The Ultimate Vendor Tipping Guide",,,,Blogs,"Posts>Recommended for you>Industry>Wedding"
404,"Top 12 Real Estate Marketing Tactics for 2019 | Updated Post",,,,Blogs,"Posts>Recommended for you>Industry>Marketing/PR|Posts>Recommended for you>Industry>Real Estate"
405,"Who What Wear",,,,Blogs,"Posts>Recommended for you>Industry>Fashion &amp; Beauty"
406,"10 Brand Marketing Trends To Watch In 2019",,,,Blogs,"Posts>Recommended for you>Industry>Accounting/Finance|Posts>Recommended for you>Industry>Marketing/PR"
407,"10 Healthcare Marketing Strategies and Trends Shaping 2019",,,,Blogs,"Posts>Recommended for you>Industry>Healthcare|Posts>Recommended for you>Industry>Marketing/PR"
408,"11 Digital Marketing Trends You Can No Longer Ignore in 2019",,,,Blogs,"Posts>Recommended for you>Industry>Marketing/PR"
409,"12 Powerful PR Trends That Will Shape Your Strategy for 2019",,,,Blogs,"Posts>Recommended for you>Industry>Marketing/PR"
410,"12 Reasons A Website Revamp is Exactly What You Should Do",,,,Blogs,"Posts>Recommended for you>Industry>Online Stores/Retail"
411,"15 Minute Beauty Fanatic",,,,Blogs,"Posts>Recommended for you>Industry>Fashion &amp; Beauty"
412,"16 Ecommerce Trends That Will Drive Sales in 2019 – Shopify",,,,Blogs,"Posts>Recommended for you>Industry>Online Stores/Retail"
413,"19 Real Estate Marketing Ideas & Trends That Will Dominate 2019",,,,Blogs,"Posts>Recommended for you>Industry>Real Estate"
414,"4 tech trends to shape agriculture in 2019",,,,Blogs,"Posts>Recommended for you>Industry>Agriculture"
415,"40 Visual Symbols Every Communicator Needs to Know",,,,Blogs,"Posts>Recommended for you>Industry>Visual Arts"
416,"5 Marketing Trends To Pay Attention To In 2019",,,,Blogs,"Posts>Recommended for you>Industry>Real Estate"
417,"5 Real Estate Marketing Trends That You Need To Know About in 2019",,,,Blogs,"Posts>Recommended for you>Industry>Real Estate"
418,"5 Trends That Will Drive Online Shopping In 2019",,,,Blogs,"Posts>Recommended for you>Industry>Online Stores/Retail"
419,"6 Major Trends for B2B Technology Marketers in 2019 According to the Content Marketing Institute",[cm_list_manager],http://35.243.181.235/wp-content/uploads/2019/12/E4.jpg,,Blogs,"Posts>Recommended for you>Industry>Technology"
420,"6 Social Media Trends for Medical Marketers to Follow in 2019",,,,Blogs,"Posts>Recommended for you>Industry>Healthcare"
421,"8 Ag Tech Start-Ups Worth Watching in 2019",,,,Blogs,"Posts>Recommended for you>Industry>Agriculture|Posts>Recommended for you>Industry>Technology"
422,"9 Ways Financial Marketers Can Get Content Marketing Right",,,,Blogs,"Posts>Recommended for you>Industry>Accounting/Finance|Posts>Recommended for you>Industry>Marketing/PR"
423,"ACE Healthy Living",,,,Blogs,"Posts>Recommended for you>Industry>Health &amp; Fitness"
424,"Advertising Trends You Should Consider in 2019",,,,Blogs,"Posts>Recommended for you>Industry>Marketing/PR"
425,"Advice for successfully implementing a pathways program",,,,Blogs,"Posts>Recommended for you>Industry>Education"
426,"All Songs Considered",,,,Blogs,"Posts>Recommended for you>Industry>Music"
427,"Art F City",,,,Blogs,"Posts>Recommended for you>Industry>Visual Arts"
428,"ARTnews Spring 2018 Cover",,,,Blogs,"Posts>Recommended for you>Industry>Visual Arts"
429,"Black Girls Run",,,,Blogs,"Posts>Recommended for you>Industry>Health &amp; Fitness"
430,"Blogilates | Health, Fitness, Food, Body Image & More",,,,Blogs,"Posts>Recommended for you>Industry>Health &amp; Fitness"
431,"Business Insider France",,,,Blogs,"Posts>Recommended for you>Industry>Entertainment &amp; Media"
432,BuzzFeed,,,,Blogs,"Posts>Recommended for you>Industry>Entertainment &amp; Media"
433,"Charlotte Hilton Andersen",,,,Blogs,"Posts>Recommended for you>Industry>Health &amp; Fitness"
434,"Content Marketing Trends in the Agriculture Industry",,,,Blogs,"Posts>Recommended for you>Industry>Agriculture|Posts>Recommended for you>Industry>Marketing/PR"
435,"Cupcakes & Cashmere",,,,Blogs,"Posts>Recommended for you>Industry>Travel &amp; Lifestyle"
436,"Digital Learning Leaders and the Demographic Reckoning | Inside Higher Ed",,,,Blogs,"Posts>Recommended for you>Industry>Education|Posts>Recommended for you>Industry>Technology"
437,"Digital Marketing Trends for the Modern Tech Company - B2B Marketing Agency | Elevation B2B",,,,Blogs,"Posts>Recommended for you>Industry>Marketing/PR|Posts>Recommended for you>Industry>Technology"
438,"Easy Recipes, Quick Recipes, Best Recipes | Just a Taste",,,,Blogs,"Posts>Recommended for you>Industry>Food &amp; Drink"
439,"Emerging Roles of AI in Education | Inside Higher Ed",,,,Blogs,"Posts>Recommended for you>Industry>Education|Posts>Recommended for you>Industry>Technology"
440,Engadget,,,,Blogs,"Posts>Recommended for you>Industry>Entertainment &amp; Media"
441,"Finance content marketing trends for 2019 - The Dubs",,,,Blogs,"Posts>Recommended for you>Industry>Accounting/Finance|Posts>Recommended for you>Industry>Marketing/PR"
442,"Five trends that will reshape media in 2019",,,,Blogs,"Posts>Recommended for you>Industry>Accounting/Finance|Posts>Recommended for you>Industry>Technology"
443,"Food Babe",,,,Blogs,"Posts>Recommended for you>Industry>Food &amp; Drink"
445,"Gal Meets Glam",,,,Blogs,"Posts>Recommended for you>Industry>Travel &amp; Lifestyle"
446,"Gorgeous Flea Market Flips : Before and After Furniture Makeovers",,,,Blogs,"Posts>Recommended for you>Industry>Home &amp; Living"
447,"Grow Faster, Grow Stronger: Speed-Breeding Crops to Feed the Future",,,,Blogs,"Posts>Recommended for you>Industry>Agriculture"
448,"Head to Toe Blueprints for Styling a Classic Themed Wedding",,,,Blogs,"Posts>Recommended for you>Industry>Wedding"
449,"Healthcare IT News",,,,Blogs,"Posts>Recommended for you>Industry>Healthcare|Posts>Recommended for you>Industry>Technology"
450,"Hi-Fructose Magazine",,,,Blogs,"Posts>Recommended for you>Industry>Visual Arts"
451,"The Sexy Vegan",,,,Blogs,"Posts>Recommended for you>Industry>Food &amp; Drink"
452,"Food & Wine",,,,Blogs,"Posts>Recommended for you>Industry>Food &amp; Drink"
453,"How to Reupholster a Chair",,,,Blogs,"Posts>Recommended for you>Industry>Home &amp; Living"
454,"Ken's Trends: Law Firm Marketing in 2019",,,,Blogs,"Posts>Recommended for you>Industry>Legal"
455,"Law Firm Marketing Strategy in a Digital World",,,,Blogs,"Posts>Recommended for you>Industry>Legal"
456,"Legal Marketing Trends for 2019 and Beyond",,,,Blogs,"Posts>Recommended for you>Industry>Legal|Posts>Recommended for you>Industry>Marketing/PR"
457,"Legal Marketing Trends to Look Out for in 2019",,,,Blogs,"Posts>Recommended for you>Industry>Legal|Posts>Recommended for you>Industry>Marketing/PR"
458,"Marketing to Farmers, Ag Digital Marketing Guide",,,,Blogs,"Posts>Recommended for you>Industry>Agriculture|Posts>Recommended for you>Industry>Marketing/PR"
459,"Men's Fashion, Style, Grooming, Fitness, Lifestyle, News & Politics",,,,Blogs,"Posts>Recommended for you>Industry>Fashion &amp; Beauty"
460,"Online Men's Lifestyle Magazine",,,,Blogs,"Posts>Recommended for you>Industry>Online Stores/Retail|Posts>Recommended for you>Industry>Travel &amp; Lifestyle"
461,"Messy Nessy Chic",,,,Blogs,"Posts>Recommended for you>Industry>Travel &amp; Lifestyle"
462,"Online Retail trends: 22 ecommerce predictions for 2019",,,,Blogs,"Posts>Recommended for you>Industry>Online Stores/Retail"
463,"Other Than That... | Inside Higher Ed",,,,Blogs,"Posts>Recommended for you>Industry>Education"
464,"Patti Fletcher",,,,Blogs,"Posts>Recommended for you>Industry>Marketing/PR"
465,"Pigeons & Planes: The Next Steps To Our Music Platform",,,,Blogs,"Posts>Recommended for you>Industry>Music"
466,r/Music,,,,Blogs,"Posts>Recommended for you>Industry>Music"
467,"Real Brides Share Their Most Awkward Moments During Wedding Planning",,,,Blogs,"Posts>Recommended for you>Industry>Wedding"
468,"Rouge 18",,,,Blogs,"Posts>Recommended for you>Industry>Fashion &amp; Beauty"
469,"She's In The Glow",,,,Blogs,"Posts>Recommended for you>Industry>Fashion &amp; Beauty"
470,"Six Content Marketing Trends For 2019",,,,Blogs,"Posts>Recommended for you>Industry>Legal|Posts>Recommended for you>Industry>Marketing/PR"
471,"Slate’s Use of Your Data",,,,Blogs,"Posts>Recommended for you>Industry>Entertainment &amp; Media"
472,"Social media marketing trends 2019",,,,Blogs,"Posts>Recommended for you>Industry>Marketing/PR|Posts>Recommended for you>Industry>Technology"
473,"Stay Cool with a DIY Stock Tank Pool!",,,,Blogs,"Posts>Recommended for you>Industry>Home &amp; Living"
474,"Tech Product Website Trends & Ideas: From Startups To SaaS Pages",,,,Blogs,"Posts>Recommended for you>Industry>Technology"
475,"TechCrunch – Startup and Technology News",,,,Blogs,"Posts>Recommended for you>Industry>Technology"
476,"The 11 Biggest Real Estate Trends You Need to Know in 2019",,,,Blogs,"Posts>Recommended for you>Industry>Real Estate"
477,"The 8 Marketing Trends to Watch in 2019 if You Want to Stay On Top!",,,,Blogs,"Posts>Recommended for you>Industry>Marketing/PR|Posts>Recommended for you>Industry>Online Stores/Retail"
478,"Solo Female Travel Blog",,,,Blogs,"Posts>Recommended for you>Industry>Travel &amp; Lifestyle"
479,"The Future of Content Marketing: 10 Biggest Content Marketing Trends that Will Dominate 2019","<a href=""https://www.coredna.com/blogs/content-marketing-trends"" target=""_blank"" rel=""noopener noreferrer"">Read More...</a><!-- Created with Elementor -->",http://35.243.181.235/wp-content/uploads/2020/01/E127.png,"Top Posts",Blogs,"Posts>Top Posts>Content Marketing"
480,"The Most Helpful Features to Add to Your Wedding Website, According to Past Brides","<a href=""https://www.stylemepretty.com/2019/03/25/the-most-helpful-features-to-add-to-your-wedding-website-according-to-past-brides/"">Read More...</a><!-- Created with Elementor -->",http://35.243.181.235/wp-content/uploads/2020/01/E91.png,"Recommended for you",Blogs,"Posts>Recommended for you>Industry>Wedding"
481,"The Ultimate Honeymoon Packing List","<a href=""https://www.stylemepretty.com/2019/06/07/the-ultimate-honeymoon-packing-list/"" target=""_blank"" rel=""noopener noreferrer"">Read More...</a><!-- Created with Elementor -->",http://35.243.181.235/wp-content/uploads/2020/01/E92.jpg,"Recommended for you",Blogs,"Posts>Recommended for you>Industry>Wedding"
482,"Top Healthcare Marketing Tips for 2019","<a href=""https://www.digitalauthority.me/resources/healthcare-marketing/"">Read More...</a><!-- Created with Elementor -->",http://35.243.181.235/wp-content/uploads/2020/01/E11.jpg,"Recommended for you",Blogs,"Posts>Recommended for you>Industry>Healthcare"
483,"Top Real Estate Marketing Trends 2019 - Fronetics Real Estate Marketing","<a href=""https://www.froneticsrealestate.com/top-real-estate-marketing-trends-2019/"" target=""_blank"" rel=""noopener noreferrer"">Read More...</a>

<!-- Created with Elementor -->",http://35.243.181.235/wp-content/uploads/2020/01/E22.jpg,"Recommended for you",Blogs,"Posts>Recommended for you>Industry>Real Estate"
484,"Up Your Floral Game With These Trending Wedding Flower Ideas",,http://35.243.181.235/wp-content/uploads/2020/01/E94.jpg,"Recommended for you",Blogs,"Posts>Recommended for you>Industry>Wedding"
485,"US Digital Ad Spending Will Surpass Traditional in 2019","<a href=""https://www.emarketer.com/content/us-digital-ad-spending-will-surpass-traditional-in-2019"" target=""_blank"" rel=""noopener noreferrer"">Read More...</a>

<!-- Created with Elementor -->",http://35.243.181.235/wp-content/uploads/2020/01/E122.png,"Top Posts",Blogs,"Posts>Top Posts>Marketing/Analytics/SEO"
486,"Verso Homepage","<a href=""https://www.allure.com"" target=""_blank"" rel=""noopener noreferrer"">Read More...</a>

<!-- Created with Elementor -->",http://35.243.181.235/wp-content/uploads/2020/01/E51.jpg,"Recommended for you",Blogs,"Posts>Recommended for you>Industry>Fashion &amp; Beauty"
487,"We're Floored! Painted Floor Ideas & Projects","<a href=""https://www.thebudgetdecorator.com/diy-painted-floor-projects/"" target=""_blank"" rel=""noopener noreferrer"">Read More...</a>

<!-- Created with Elementor -->",http://35.243.181.235/wp-content/uploads/2020/01/E85.jpg,"Recommended for you",Blogs,"Posts>Recommended for you>Industry>Home &amp; Living"
488,"What is a University Today? | Inside Higher Ed","<a href=""http://www.insidehighered.com/blogs/higher-ed-gamma/what-university-today"" target=""_blank"" rel=""noopener noreferrer"">Read More...</a>

<!-- Created with Elementor -->",http://35.243.181.235/wp-content/uploads/2020/01/E78.jpg,,Blogs,"Posts>Recommended for you>Industry>Education"
489,"Your EDM | Electronic Dance Music News & EDM Reviews","<a href=""https://www.youredm.com"" target=""_blank"" rel=""noopener noreferrer"">Read More...</a>

<!-- Created with Elementor -->",http://35.243.181.235/wp-content/uploads/2020/01/E71.jpg,,Blogs,"Posts>Recommended for you>Industry>Music"
491,"Nerd Fitness: Helping You Lose Weight, Get Stronger, Live Better.","<a href=""https://www.nerdfitness.com/blog/"" target=""_blank"" rel=""noopener noreferrer"">Read More...</a>

<!-- Created with Elementor -->",http://35.243.181.235/wp-content/uploads/2020/01/E62.jpg,,Blogs,"Posts>Recommended for you>Industry>Health &amp; Fitness"
1116,"Food Community, Recipes, Kitchen‌ & Home Products, Cooking Contests","<a href=""https://food52.com"" target=""_blank"" rel=""noopener noreferrer"">Read More...</a><!-- Created with Elementor -->",http://35.243.181.235/wp-content/uploads/2020/01/E59.jpg,,Blogs,"Posts>Recommended for you>Industry>Food &amp; Drink"
2363,"TechCrunch – Startup and Technology News","<a href=""https://techcrunch.com/"" target=""_blank"" rel=""noopener noreferrer"">Read More...</a>",http://35.243.181.235/wp-content/uploads/2020/01/E1.png,,Blogs,"Posts>Recommended for you>Industry>Technology"
3063,"Legal Marketing Trends to Look Out for in 2019","<a href=""https://www.staceyeburke.com/blog/legal-marketing-trends/"" target=""_blank"" rel=""noopener noreferrer"">Read More...</a>",http://35.243.181.235/wp-content/uploads/2020/01/E31.jpg,,Blogs,"Posts>Recommended for you>Industry>Legal"
3198,"5 Trends in Technology Content Marketing to Watch in 2019","<a href=""https://www.skyword.com/contentstandard/creativity/5-trends-in-technology-content-marketing-to-watch-in-2019/"" target=""_blank"" rel=""noopener noreferrer"">Read More...</a>",http://35.243.181.235/wp-content/uploads/2020/01/E2.jpg,"Recommended for you",Blogs,"Posts>Recommended for you>Industry>Technology"
3328,"Digital Marketing Trends for the Modern Tech Company - B2B Marketing Agency | Elevation B2B","<a href=""https://www.elevationb2b.com/blog/digital-marketing-trends-modern-tech-company"" target=""_blank"" rel=""noopener noreferrer"">Read More...</a>",http://35.243.181.235/wp-content/uploads/2020/01/E3.jpg,"Recommended for you",Blogs,"Posts>Recommended for you>Industry>Technology"
3330,"6 Major Trends for B2B Technology Marketers in 2019 According to the Content Marketing Institute","<a href=""https://www.skyword.com/contentstandard/marketing/6-major-trends-for-b2b-technology-marketers-in-2019-according-to-the-content-marketing-institute/"" target=""_blank"" rel=""noopener noreferrer"">Read More...</a>",http://35.243.181.235/wp-content/uploads/2019/12/E4.jpg,"Recommended for you",Blogs,"Posts>Recommended for you>Industry>Technology"
3332,"Tech Product Website Trends & Ideas: From Startups To SaaS Pages","<a href=""https://www.vandelaydesign.com/tech-web-design-trends/"" target=""_blank"" rel=""noopener noreferrer"">Read More...</a>",http://35.243.181.235/wp-content/uploads/2020/01/E5.jpg,"Recommended for you",Blogs,"Posts>Recommended for you>Industry>Technology|Uncategorized"
3334,"Technology Content Marketing: Top Trends + Brands","<a href=""https://insights.newscred.com/technology-content-marketing/"" target=""_blank"" rel=""noopener noreferrer"">Read More...</a>",http://35.243.181.235/wp-content/uploads/2020/01/E6.png,"Recommended for you",Blogs,"Posts>Recommended for you>Industry>Technology|Uncategorized"
3336,"Optimizing Your Web Content for Tech Companies","<a href=""https://youtu.be/rpEqGIiwlec"" target=""_blank"" rel=""noopener noreferrer"">[embedyt] https://www.youtube.com/watch?v=rpEqGIiwlec[/embedyt]Read More...</a>",,"Recommended for you",Blogs,"Posts>Recommended for you>Industry>Technology"
3338,"Technology Playlist","[embedyt] https://www.youtube.com/embed?listType=playlist&amp;list=PL3kIpPIZf4ELGhkC7k4RoVaGREwxyW5dm[/embedyt]",,"Recommended for you",Blogs,"Posts>Recommended for you>Industry>Technology"
3342,"10 Healthcare Marketing Strategies and Trends Shaping 2019","<a href=""https://www.bluecorona.com/blog/healthcare-marketing-trends-strategies"" target=""_blank"" rel=""noopener noreferrer"">Read More...</a>",http://35.243.181.235/wp-content/uploads/2020/01/E7.jpg,"Recommended for you",Blogs,"Posts>Recommended for you>Industry>Healthcare"
3358,"6 Social Media Trends for Medical Marketers to Follow in 2019","<a href=""https://www.mdconnectinc.com/medical-marketing-insights/6-social-media-trends-2019"" target=""_blank"" rel=""noopener noreferrer"">Read More...</a>",http://35.243.181.235/wp-content/uploads/2020/01/E8.jpg,"Recommended for you",Blogs,"Posts>Recommended for you>Industry>Healthcare"
3360,"10 Digital Healthcare Analytics Every Provider & Payer Should Measure in 2019","<a href=""https://www.digitalauthority.me/resources/healthcare-analytics/"" target=""_blank"" rel=""noopener noreferrer"">Read More...</a>",http://35.243.181.235/wp-content/uploads/2020/01/E9.jpg,"Recommended for you",,"Posts>Recommended for you>Industry>Healthcare"
3362,"Healthcare IT News","<a href=""https://hitconsultant.net/"" target=""_blank"" rel=""noopener noreferrer"">Read More...</a>",http://35.243.181.235/wp-content/uploads/2020/01/E10.jpg,"Recommended for you",Blogs,"Posts>Recommended for you>Industry>Healthcare"
