Section,Industry,Title,Source,Image,Image Link
,,,,,
Recommended for you,Technology,TechCrunch ‚Äì Startup and Technology News,https://techcrunch.com/,E1,https://imgur.com/rVJeoIk
Recommended for you,Technology,5 Trends in Technology Content Marketing to Watch in 2019,https://www.skyword.com/contentstandard/creativity/5-trends-in-technology-content-marketing-to-watch-in-2019/,E2,https://imgur.com/bi6HfgH
Recommended for you,Technology,Digital Marketing Trends for the Modern Tech Company - B2B Marketing Agency | Elevation B2B,https://www.elevationb2b.com/blog/digital-marketing-trends-modern-tech-company,E3,https://imgur.com/lJqPiTw
Recommended for you,Technology,6 Major Trends for B2B Technology Marketers in 2019 According to the Content Marketing Institute,https://www.skyword.com/contentstandard/marketing/6-major-trends-for-b2b-technology-marketers-in-2019-according-to-the-content-marketing-institute/,E4,https://imgur.com/rdh51k6
Recommended for you,Technology,Tech Product Website Trends & Ideas: From Startups To SaaS Pages,https://www.vandelaydesign.com/tech-web-design-trends/,E5,https://imgur.com/0PNwu0L
Recommended for you,Technology,Technology Content Marketing: Top Trends + Brands,https://insights.newscred.com/technology-content-marketing/,E6,https://imgur.com/bzMjgQl
Recommended for you,Technology,Optimizing Your Web Content for Tech Companies,https://youtu.be/rpEqGIiwlec,,
Recommended for you,Technology,What is UX Design? Defining User Experience Design & Explaining the Process,https://youtu.be/CJnfAXlBRTE,,
Recommended for you,Technology,The 2019 UI Design Crash Course for Beginners,https://youtu.be/_Hp_dI0DzY4,,
Recommended for you,Technology,Adobe XD Landing Page Design Tutorial with unDraw,https://youtu.be/KLCmXOdPw5o,,
Recommended for you,Technology,Design for Startups by Garry Tan (Part 1),https://youtu.be/9urYWGx2uNk,,
Recommended for you,Healthcare,10 Healthcare Marketing Strategies and Trends Shaping 2019,https://www.bluecorona.com/blog/healthcare-marketing-trends-strategies,E7,https://imgur.com/Ou7DbLg
Recommended for you,Healthcare,6 Social Media Trends for Medical Marketers to Follow in 2019,https://www.mdconnectinc.com/medical-marketing-insights/6-social-media-trends-2019,E8,https://imgur.com/3pvsiha
Recommended for you,Healthcare,10 Digital Healthcare Analytics Every Provider & Payer Should Measure in 2019,https://www.digitalauthority.me/resources/healthcare-analytics/,E9,https://imgur.com/IkuY7Bz
Recommended for you,Healthcare,Healthcare IT News,https://hitconsultant.net/,E10,https://imgur.com/EoLaJDB
Recommended for you,Healthcare,Top Healthcare Marketing Tips for 2019,https://www.digitalauthority.me/resources/healthcare-marketing/,E11,https://imgur.com/hBZDk0D
Recommended for you,Healthcare,Healthcare Marketing Using Social Media?,https://youtu.be/c8ck4mpxtf8,,
Recommended for you,Healthcare,Social Media Marketing in the Healthcare Industry,https://youtu.be/3JF6rREyVVg,,
Recommended for you,Healthcare,Future of Healthcare Content Marketing Webinar,https://youtu.be/dd0AGPUZTKg,,
Recommended for you,Healthcare,Healthcare TV Commercials 2018,https://youtu.be/tolqDTpeF8o,,
Recommended for you,Healthcare,The CEO of Oscar Health Is Disrupting The Healthcare System,https://youtu.be/GO62tqTFa0c,,
Recommended for you,Healthcare,Healthcare Startup | Josh Liu | TEDxYouth@Toronto,https://youtu.be/z1SiVBl9YG8,,
Recommended for you,Online Store & Retail,12 Reasons A Website Revamp is Exactly What You Should Do,https://www.pixelproductionsinc.com/12-reasons-a-website-revamp-is-exactly-what-you-should-do/,E12,https://imgur.com/c1LkNac
Recommended for you,Online Store & Retail,5 trends that will define retail marketing in 2019,https://www.retaildive.com/news/5-trends-that-will-define-retail-marketing-in-2019/545466/,E13,https://imgur.com/1NCKxQ4
Recommended for you,Online Store & Retail,5 Trends That Will Drive Online Shopping In 2019,https://www.forbes.com/sites/braintree/2018/11/12/5-trends-that-will-drive-online-shopping-in-2019/#799fec46384a,E14,https://imgur.com/QLjWgMB
Recommended for you,Online Store & Retail,16 Ecommerce Trends That Will Drive Sales in 2019 ‚Äì Shopify,https://www.shopify.com/partners/blog/ecommerce-trends-2019,E15,https://imgur.com/gcjbNZH
Recommended for you,Online Store & Retail,Online Retail trends: 22 ecommerce predictions for 2019,https://www.connectpos.com/online-retail-trends-2019/#.XNm-ky2ZN24,E16,https://imgur.com/LXbt1BO
Recommended for you,Online Store & Retail,"STARTING AN ONLINE BUSINESS // photography, modeling, thrifting, website design",https://youtu.be/c12qIxR2QOA,,
Recommended for you,Online Store & Retail,E-Commerce Beginners Day 1 - Create a profitable Shopify store,https://youtu.be/_IeE5w1CsaU,,
Recommended for you,Online Store & Retail,eCommerce Marketing Strategies - 12 Killer Tips,https://youtu.be/7HgGiCK33ow,,
Recommended for you,Online Store & Retail,HOW TO START AN ONLINE STORE + how i started a business at 22,https://youtu.be/S-rRc4ZHs9Q,,
Recommended for you,Online Store & Retail,How to Drive Targeted Traffic to Your Online Store,https://youtu.be/qQPGOKeuPwE,,
Recommended for you,Real Estate,19 Real Estate Marketing Ideas & Trends That Will Dominate 2019,https://theclose.com/real-estate-marketing-ideas/,E17,https://imgur.com/6sIFdoq
Recommended for you,Real Estate,5 Real Estate Marketing Trends That You Need To Know About in 2019,https://rehrealestate.com/5-real-estate-marketing-trends-that-you-need-to-know-about-in-2019/,E18,https://imgur.com/s3rQ72V
Recommended for you,Real Estate,The 11 Biggest Real Estate Trends You Need to Know in 2019,https://www.followupboss.com/blog/11-biggest-real-estate-trends-need-know-2019/,E19,https://imgur.com/l07zbhF
Recommended for you,Real Estate,Top 12 Real Estate Marketing Tactics for 2019 | Updated Post,https://www.chatterbuzzmedia.com/blog/top-5-real-estate-marketing-tactics-for-2019/,E20,https://imgur.com/Me0J0YX
Recommended for you,Real Estate,How do you choose colors for a real estate logo? | 99designs,https://99designs.com/logo-design/psychology-of-color/real-estate,E21,https://imgur.com/loAOOIK
Recommended for you,Real Estate,Top Real Estate Marketing Trends 2019 - Fronetics Real Estate Marketing,https://www.froneticsrealestate.com/top-real-estate-marketing-trends-2019/,E22,https://imgur.com/pSdPSsl
Recommended for you,Real Estate,Generating Real Estate Leads and Clients with Content Marketing | Ray Ellen | Summit 2017,https://youtu.be/xxzvYwA93Ck,,
Recommended for you,Real Estate,Why 98% of Real Estate Agents won‚Äôt do this - Gary Vaynerchuk,https://youtu.be/8SNMrMsDuKA,,
Recommended for you,Real Estate,üè° Facebook Ads Real Estate Agents | 53 Leads a Month,https://youtu.be/ABX_4EOi9ak,,
Recommended for you,Real Estate,Real Estate Marketing Video 2 - BENITRAGE LLC,https://youtu.be/mR2GNOizwaw,,
Recommended for you,Real Estate,How To Market Yourself as a Real Estate Agent,https://youtu.be/HPJkTD1jQ7k,,
Recommended for you,Real Estate,How to Market Yourself as a New Real Estate Agent,https://youtu.be/oKI7ow5Vul0,,
Recommended for you,Marketing & PR,11 Digital Marketing Trends You Can No Longer Ignore in 2019,https://www.singlegrain.com/digital-marketing/11-digital-marketing-trends-you-can-no-longer-ignore-in-2018/,E23,https://imgur.com/NN5bhpn
Recommended for you,Marketing & PR,12 Powerful PR Trends That Will Shape Your Strategy for 2019,https://b2bprblog.marxcommunications.com/b2bpr/pr-trends-pr-strategy,E24,https://imgur.com/dr0rR33
Recommended for you,Marketing & PR,Advertising Trends You Should Consider in 2019,https://www.entrepreneur.com/article/326236,E25,https://imgur.com/gfkCLSo
Recommended for you,Marketing & PR,Ground-Breaking PR Trends That are Going to Dominate 2019,https://www.entrepreneur.com/article/329777,E26,https://imgur.com/RVIGEGt
Recommended for you,Marketing & PR,Digital Marketing Trends for 2019,https://youtu.be/0N-hhuW5g84,,
Recommended for you,Marketing & PR,Effective Facebook Marketing Strategies For 2019 (Live on Stage),https://youtu.be/c21cHrw5b9g,,
Recommended for you,Marketing & PR,TOP 5 App Marketing Trends in 2019 üî• Nr. 3 is the Best!,https://youtu.be/lRNACwQTpT0,,
Recommended for you,Marketing & PR,Digital Marketing Trends in 2019 - Hot in Social Media,https://youtu.be/33yFrYnAzus,,
Recommended for you,Marketing & PR,Marketing 2020: The Future of Advertising,https://youtu.be/rw-tlt3AnI0,,
Recommended for you,Marketing & PR,The Best New Google Ads Tricks (for 2019!),https://youtu.be/Ro0WeWnFvSQ,,
Recommended for you,Legal,6 legal marketing trends for 2019,https://legalnewsline.com/stories/511787779-6-legal-marketing-trends-for-2019,E27,https://imgur.com/zdP98DO
Recommended for you,Legal,Ken's Trends: Law Firm Marketing in 2019,https://www.pilmma.org/blog/2019/01/2019-personal-injury-law-firm-marketing-trends/,E28,https://imgur.com/G6SNZTO
Recommended for you,Legal,Law Firm Marketing Strategy in a Digital World,https://www.bluecorona.com/blog/law-firm-marketing-online,E29,https://imgur.com/nSXHiNw
Recommended for you,Legal,Legal Marketing Trends for 2019 and Beyond,https://seo.co/legal-marketing-trends/,E30,https://imgur.com/DvzQNgc
Recommended for you,Legal,Legal Marketing Trends to Look Out for in 2019,https://www.staceyeburke.com/blog/legal-marketing-trends/,E31,https://imgur.com/pNp6VmL
Recommended for you,Legal,2019 Attorney Social Media Marketing: Using Instagram to Market Your Law Firm,https://youtu.be/QYSu3mxA8WY,,
Recommended for you,Legal,Facebook Marketing for Lawyers: An Amazing Way to Target New Clients (2019),https://youtu.be/KLjgRXdUG_E,,
Recommended for you,Legal,How To Market A Small Law Firm On The Internet 2018,https://youtu.be/VX35BNloemQ,,
Recommended for you,Legal,Facebook Advertising For Lawyers: The 3 Secrets to Getting More Law Clients From Social Media,https://youtu.be/UpII21Z0ULg,,
Recommended for you,Legal,Law Firm Video Marketing How to Create Powerful Videos,https://youtu.be/M5f4rOjsewQ,,
Recommended for you,Legal,How to get started with a law firm marketing plan.,https://youtu.be/1NJXzTZOHfA,,
Recommended for you,Accounting & Finance,9 Ways Financial Marketers Can Get Content Marketing Right,https://thefinancialbrand.com/78105/bank-credit-union-content-marketing-tips/,E32,https://imgur.com/kIhVcoU
Recommended for you,Accounting & Finance,Finance content marketing trends for 2019 - The Dubs,https://www.thedubs.com/finance-content-marketing-trends-2019/,E33,https://imgur.com/L1Gaixx
Recommended for you,Accounting & Finance,Learn from a Pro: Advanced Marketing Tips for Accountants & Bookkeepers,https://youtu.be/VKg5xEkBFng,,
Recommended for you,Accounting & Finance,Top 10 Accounting Firms üíµ,https://youtu.be/nBu3y78CEvM,,
Recommended for you,Accounting & Finance,Finance marketing explainer video | Animation company,https://youtu.be/gUYjYEGbxEY,,
Recommended for you,Accounting & Finance,Ultimate Video Marketing Strategy for Financial Professionals in 2019 - Owen Video,https://youtu.be/PUtD7VczTRs,,
Recommended for you,Accounting & Finance,Best Investing Apps In 2018 (Top 5 Ranked),https://youtu.be/gIeT2Px6DvE,,
Recommended for you,Agriculture,4 tech trends to shape agriculture in 2019,https://www.bizcommunity.com/Article/196/707/188024.html,E34,https://imgur.com/jOUbTyf
Recommended for you,Agriculture,Content Marketing Trends in the Agriculture Industry,https://www.writeraccess.com/blog/content-marketing-trends-in-the-agriculture-industry/,E35,https://imgur.com/qTaxwYO
Recommended for you,Agriculture,"Grow Faster, Grow Stronger: Speed-Breeding Crops to Feed the Future",https://www.nytimes.com/2019/06/17/science/food-agriculture-genetics.html?rref=collection%2Ftimestopic%2FAgriculture%20and%20Farming&action=click&contentCollection=timestopics&region=stream&module=stream_unit&version=latest&contentPlacement=2&pgtype=collection,E36,https://imgur.com/ByKgrr7
Recommended for you,Agriculture,8 Ag Tech Start-Ups Worth Watching in 2019,https://www.agriculture.com/news/technology/9-ag-tech-start-ups-worth-watching-in-2019,E37,https://imgur.com/hyiC8KP
Recommended for you,Agriculture,"Marketing to Farmers, Ag Digital Marketing Guide",https://www.farmmarketid.com/marketing-to-farmers/,E38,https://imgur.com/WIJgT6o
Recommended for you,Agriculture,2019 Farm Marketing Solutions Content Plan,https://youtu.be/pUH3rEXZIPE,,
Recommended for you,Agriculture,Profitable Farming and Designing for Farm Success by JEAN-MARTIN FORTIER,https://youtu.be/92GDHGPSmeI,,
Recommended for you,Agriculture,Canfield Family Farm - Direct-Marketing and On-Farm Feed Business,https://youtu.be/ru4pCxkh0d4,,
Recommended for you,Entertainment & Media,Engadget,https://www.engadget.com/entertainment/,E39,https://imgur.com/ObabMgk
Recommended for you,Entertainment & Media,Slate‚Äôs Use of Your Data,https://slate.com,E40,https://imgur.com/KvEKiNT
Recommended for you,Entertainment & Media,Business Insider France,https://www.businessinsider.com/,E41,https://imgur.com/sDL8c8Q
Recommended for you,Entertainment & Media,BuzzFeed,https://www.buzzfeed.com,E42,https://imgur.com/6XkJwBX
Recommended for you,Entertainment & Media,The Daily Beast,http://www.thedailybeast.com/,E43,https://imgur.com/ADNU3Fi
Recommended for you,Entertainment & Media,Game Of Thrones' Series Finale Post-Mortem | Entertainment Weekly,https://www.youtube.com/watch?v=rbxHvCI1wBo,,
Recommended for you,Entertainment & Media,THE SECRET LIFE OF PETS 2 Final Trailer 2 (2019),https://www.youtube.com/watch?v=niIOTKW04oo,,
Recommended for you,Entertainment & Media,13 Funny Couple Pranks,https://www.youtube.com/watch?v=zbCWtrVsLGs,,
Recommended for you,Entertainment & Media,Beychella Homecoming mix | Beyonce | Aliya Janell Choreography | Queens N Lettos,https://www.youtube.com/watch?v=dmJJ6rOZpf0,,
Recommended for you,Entertainment & Media,Collins sees evidence of 'cover-up' in newly released transcripts,https://www.youtube.com/watch?v=-ncoEH39xe4,,
Recommended for you,Entertainment & Media,I Bought Everything In A Store - Challenge,https://www.youtube.com/watch?v=ha4tRQwKIUg,,
Recommended for you,Visual Arts,Hi-Fructose Magazine,https://hifructose.com,E44,https://imgur.com/oTXUiMs
Recommended for you,Visual Arts,40 Visual Symbols Every Communicator Needs to Know,https://visme.co/blog/symbols-and-meanings/,E45,https://imgur.com/MxIQIlt
Recommended for you,Visual Arts,Art F City,http://artfcity.com,E46,https://imgur.com/dwQuLhi
Recommended for you,Visual Arts,ARTnews Spring 2018 Cover,http://www.artnews.com,E47,https://imgur.com/lsooFKd
Recommended for you,Visual Arts,"Art, Photo, Design & Film",https://www.booooooom.com,E48,https://imgur.com/1N3Dh71
Recommended for you,Visual Arts,NEW 2016 Psychedelic Psychill 3D Visual Progressive Music Mix,https://www.youtube.com/watch?v=8t3XYNxnUBs,,
Recommended for you,Visual Arts,Visual Artists MUST Know This!!! Cesar Santos vlog 038,https://www.youtube.com/watch?v=UDN621aJHQU,,
Recommended for you,Visual Arts,Black and White Op Art Visual Background Video,https://www.youtube.com/watch?v=Rj6Cl9INxCE,,
Recommended for you,Visual Arts,Visual Arts Video,https://www.youtube.com/watch?v=PA9wBGcFUqI,,
Recommended for you,Visual Arts,Trick Art Drawing 3D Tiny House on paper,https://www.youtube.com/watch?v=HCKMkM0wF9o,,
Recommended for you,Fashion & Beauty,15 Minute Beauty Fanatic,https://www.15minutebeauty.com/,E49,https://imgur.com/kvVNwJP
Recommended for you,Fashion & Beauty,Who What Wear,https://www.whowhatwear.com,E50,https://imgur.com/9BLjQH6
Recommended for you,Fashion & Beauty,Verso Homepage,https://www.allure.com,E51,https://imgur.com/egLVJej
Recommended for you,Fashion & Beauty,She's In The Glow,https://shesintheglow.com/,E52,
Recommended for you,Fashion & Beauty,Rouge 18,http://www.rouge18.com/,E53,
Recommended for you,Fashion & Beauty,"Men's Fashion, Style, Grooming, Fitness, Lifestyle, News & Politics",https://www.gq.com,E54,https://imgur.com/2NPnFt1
Recommended for you,Fashion & Beauty,Gal Meets Glam,https://galmeetsglam.com/,E55,https://imgur.com/EMN1T3T
Recommended for you,Fashion & Beauty,HOW TO MAKE YOUR MAKEUP LAST ALL DAY!,https://www.youtube.com/watch?v=CnQTN_-mW7U,,
Recommended for you,Fashion & Beauty,44 BEAUTY TIPS AND TRICKS EVERY GIRL SHOULD KNOW,https://www.youtube.com/watch?v=xdgiu80RW8A,,
Recommended for you,Fashion & Beauty,PUR Cosmetics 100 FOUNDATION SHADES?! I'm Confusion Luv | Jackie Aina,https://www.youtube.com/watch?v=gzvZWIoRA44,,
Recommended for you,Fashion & Beauty,Eugene's Guide To Every Hair Product,https://www.youtube.com/watch?v=8DQrYTXpAm4,,
Recommended for you,Fashion & Beauty,Thrifting $75 Outfits in 15 Minutes! ~ NAYVA Ep #27 ~ FASHION & BEAUTY,https://www.youtube.com/watch?v=h2_rUPWQyrI,,
Recommended for you,Fashion & Beauty,Met Gala 2019 Red Carpet Arrivals ‚Äî LIVE STREAM | NowThis,https://www.youtube.com/watch?v=eKE2fHEFgDY,,
Recommended for you,Food & Drink,The Sexy Vegan,http://www.thesexyvegan.com/,E56,https://imgur.com/4Xh112n
Recommended for you,Food & Drink,Food & Wine,https://www.foodandwine.com,E57,https://imgur.com/UtyZbl2
Recommended for you,Food & Drink,Food Babe,https://foodbabe.com,E58,https://imgur.com/U1Y6Wl3
Recommended for you,Food & Drink,"Food Community, Recipes, Kitchen‚Äå & Home Products, Cooking Contests",https://food52.com,E59,https://imgur.com/UcCS41T
Recommended for you,Food & Drink,Kitchn,https://www.thekitchn.com,E60,https://imgur.com/M1hOZQ1
Recommended for you,Food & Drink,"Easy Recipes, Quick Recipes, Best Recipes | Just a Taste",https://www.justataste.com,E61,https://imgur.com/HvtM8mr
Recommended for you,Food & Drink,"Ice Golas - Street Food & Drink Of Mumbai, Juhu Beach, India",https://www.youtube.com/watch?v=K3r7uUKh1vo&pbjreload=10,,
Recommended for you,Food & Drink,42 Foods You Need To Eat Before You Die | The Ultimate List,https://www.youtube.com/watch?v=0SPwwpruGIA,,
Recommended for you,Food & Drink,Mouthwatering Recipes For Junk Food Lovers,https://www.youtube.com/watch?v=R5c4anO0m-k,,
Recommended for you,Food & Drink,Kids Try 100 Years of British Food,https://www.youtube.com/watch?v=Dx84hZ7tKo4,,
Recommended for you,Food & Drink,32 Places You Need To Eat At In London | The Ultimate List,https://www.youtube.com/watch?v=yCCyJD7cVKU,,
Recommended for you,Food & Drink,Only Eating Recommended Serving Sizes for a Day! (IMPOSSIBLE 24 HOUR FOOD CHALLENGE),https://www.youtube.com/watch?v=hQ4eF2yt99M,,
Recommended for you,Health & Fitness,"Nerd Fitness: Helping You Lose Weight, Get Stronger, Live Better.",https://www.nerdfitness.com/blog/,E62,https://imgur.com/2tM6HHc
Recommended for you,Health & Fitness,Black Girls Run,https://blackgirlsrun.com/blogs/blog,E63,https://imgur.com/QphyQwh
Recommended for you,Health & Fitness,"Blogilates | Health, Fitness, Food, Body Image & More",https://www.blogilates.com/blog/,E64,https://imgur.com/VErgO0L
Recommended for you,Health & Fitness,ACE Healthy Living,https://www.acefitness.org/education-and-resources/lifestyle/blog,E65,https://imgur.com/RlIM8Zd
Recommended for you,Health & Fitness,Charlotte Hilton Andersen,http://www.thegreatfitnessexperiment.com/,E66,https://imgur.com/OBMb4bZ
Recommended for you,Health & Fitness,"Anytime Fitness Blog - Workouts, Recipes, and Weight Loss",http://blog.anytimefitness.com,E67,https://imgur.com/i6ySTwM
Recommended for you,Health & Fitness,"Building New Habits | Can We Love Health, Fitness, & Cleaning?",https://www.youtube.com/watch?v=mEa-g162r4k,,
Recommended for you,Health & Fitness,5 Daily Exercises for Fitness - Health Sutra - Best Health Tips,https://www.youtube.com/watch?v=1BW-vmlxuDQ,,
Recommended for you,Health & Fitness,HOW TO IMPLEMENT A HEALTHY LIFESTYLE | Setting Habits & Wellness Goals,https://www.youtube.com/watch?v=65KDZLu4klU,,
Recommended for you,Health & Fitness,Dr. Oz's Morning Workout,https://www.youtube.com/watch?v=8XRNwAXKb3s,,
Recommended for you,Health & Fitness,10 Benefits Of Exercise On The Brain And Body - Why You Need Exercise,https://www.youtube.com/watch?v=yTL_bNvXJ9s,,
Recommended for you,Music,Popular tracks / Hype Machine,https://hypem.com/popular?workaround..,E68,https://imgur.com/HNeVsWy
Recommended for you,Music,r/Music,https://www.reddit.com/r/Music/,E69,https://imgur.com/LEKOaDK
Recommended for you,Music,All Songs Considered,https://www.npr.org/sections/allsongs/,E70,https://imgur.com/t7X5zT0
Recommended for you,Music,Your EDM | Electronic Dance Music News & EDM Reviews,https://www.youredm.com,E71,https://imgur.com/Vyv9dwu
Recommended for you,Music,Pigeons & Planes: The Next Steps To Our Music Platform,https://pigeonsandplanes.com/,E72,https://imgur.com/YJdqbre
Recommended for you,Music,"Chris Brown - Wobble Up (Official Video) ft. Nicki Minaj, G-Eazy",https://www.youtube.com/watch?v=odgvsMFSIo8,,
Recommended for you,Music,"DJ Khaled - Wish Wish ft. Cardi B, 21 Savage",https://www.youtube.com/watch?v=Oq8z-U3bPgo,,
Recommended for you,Music,Taylor Swift - ME! (feat. Brendon Urie of Panic! At The Disco),https://www.youtube.com/watch?v=FuXNumBwDOM,,
Recommended for you,Music,"Ariana Grande - break up with your girlfriend, i'm bored",https://www.youtube.com/watch?v=LH4Y1ZUUx2g,,
Recommended for you,Music,Bebe Rexha - Last Hurrah (Official Music Video),https://www.youtube.com/watch?v=fTNnwzXrVdg,,
Recommended for you,Music,Lil Nas X - Old Town Road (feat. Billy Ray Cyrus) [Music Video],https://www.youtube.com/watch?v=gUcisIlT7sM,,
Recommended for you,Travel & Lifestyle,Cupcakes & Cashmere,https://cupcakesandcashmere.com/,E73,https://imgur.com/mLtP4vY
Recommended for you,Travel & Lifestyle,Adventure Travel & Photography Blog,https://expertvagabond.com,E74,https://imgur.com/5BFTM1q
Recommended for you,Travel & Lifestyle,Solo Female Travel Blog,https://theblondeabroad.com,E75,https://imgur.com/HxmwnV0
Recommended for you,Travel & Lifestyle,Online Men's Lifestyle Magazine,https://www.menswearstyle.co.uk/,E76,https://imgur.com/WlqBVhH
Recommended for you,Travel & Lifestyle,Messy Nessy Chic,https://www.messynessychic.com,E77,https://imgur.com/4cAFNbB
Recommended for you,Travel & Lifestyle,200 Days - A Trip Around the World Travel Film,https://www.youtube.com/watch?v=RcmrbNRK-jY,,
Recommended for you,Travel & Lifestyle,Top 7 INCREDIBLE Travel Destinations of 2019 | Where to Travel This Year!,https://www.youtube.com/watch?v=lJ87yD_8u3U,,
Recommended for you,Travel & Lifestyle,16 Affordable Place To Travel If You Are Broke,https://www.youtube.com/watch?v=kTRO0DMJFRE,,
Recommended for you,Travel & Lifestyle,Things to know BEFORE you go to LOS ANGELES - LA Travel Tips 2019,https://www.youtube.com/watch?v=tvDH4JM_gME,,
Recommended for you,Travel & Lifestyle,BALI - Doyoutravel X Gypsea Lust,https://www.youtube.com/watch?v=8PNTZEv-e54,,
Recommended for you,Travel & Lifestyle,I Went to Japan for the First Time | Tokyo Travel Vlog (Pt.1),https://www.youtube.com/watch?v=QPcwfuStFnU,,
Recommended for you,Education,Digital Learning Leaders and the Demographic Reckoning | Inside Higher Ed,http://www.insidehighered.com/digital-learning/blogs/technology-and-learning/digital-learning-leaders-and-demographic-reckoning,E78,https://imgur.com/VlHjRlj
Recommended for you,Education,Emerging Roles of AI in Education | Inside Higher Ed,http://www.insidehighered.com/digital-learning/blogs/online-trending-now/emerging-roles-ai-education,E78,https://imgur.com/VlHjRlj
Recommended for you,Education,Sharing and Attention in the Academic Gig Economy,http://www.insidehighered.com/blogs/library-babel-fish/sharing-and-attention-academic-gig-economy,E78,https://imgur.com/VlHjRlj
Recommended for you,Education,Advice for successfully implementing a pathways program,http://www.insidehighered.com/views/2019/06/19/advice-successfully-implementing-pathways-program-opinion,E81,https://imgur.com/NVGmhcH
Recommended for you,Education,What is a University Today? | Inside Higher Ed,http://www.insidehighered.com/blogs/higher-ed-gamma/what-university-today,E78,https://imgur.com/VlHjRlj
Recommended for you,Education,Other Than That... | Inside Higher Ed,http://www.insidehighered.com/blogs/confessions-community-college-dean/other,E78,https://imgur.com/VlHjRlj
Recommended for you,Education,5 Reasons Why Finland Is A Global Education Leader,https://www.youtube.com/watch?v=UfmFIEh2QjU,,
Recommended for you,Education,The Power of Gamification in Education | Scott Hebert | TEDxUAlberta,https://www.youtube.com/watch?v=mOssYTimQwM,,
Recommended for you,Education,Education: Motivation for Students,https://www.youtube.com/watch?v=qVzsKgIlN3w,,
Recommended for you,Education,TED Talks Education,https://www.youtube.com/watch?v=dilnw_dP3xk,,
Recommended for you,Education,Benefits of Entrepreneurship Education | Wadhwani Foundation,https://www.youtube.com/watch?v=rEuyEcUoBas,,
Recommended for you,Education,Is private education good for society? | The Economist,https://www.youtube.com/watch?v=aV6w-zoacYk,,
Recommended for you,Home & Living,Stay Cool with a DIY Stock Tank Pool!,https://www.thebudgetdecorator.com/wanna-stay-cool-diy-a-stock-tank-pool/,E84,https://imgur.com/uluwZ6X
Recommended for you,Home & Living,We're Floored! Painted Floor Ideas & Projects,https://www.thebudgetdecorator.com/diy-painted-floor-projects/,E85,https://imgur.com/FeX4IqI
Recommended for you,Home & Living,Charming But Cheap Bedroom Decorating Ideas,https://www.thebudgetdecorator.com/6-cheap-bedroom-decorating-ideas/,E86,https://imgur.com/kTgmRFG
Recommended for you,Home & Living,Gorgeous Flea Market Flips : Before and After Furniture Makeovers,https://www.thebudgetdecorator.com/flea-market-flips-before-and-afters/,E87,https://imgur.com/ndOKA92
Recommended for you,Home & Living,How to Reupholster a Chair,https://www.thebudgetdecorator.com/how-to-reupholster-a-chair/,E88,https://imgur.com/MeXdWAW
Recommended for you,Wedding,Real Brides Share Their Most Awkward Moments During Wedding Planning,https://www.stylemepretty.com/2019/06/13/real-brides-share-their-most-awkward-moments-during-wedding-planning/,E89,https://imgur.com/sBNmLMV
Recommended for you,Wedding,Head to Toe Blueprints for Styling a Classic Themed Wedding,https://www.stylemepretty.com/2018/10/07/head-to-toe-blueprints-for-styling-a-classic-themed-wedding/,E90,https://imgur.com/eyrb68O
Recommended for you,Wedding,"The Most Helpful Features to Add to Your Wedding Website, According to Past Brides",https://www.stylemepretty.com/2019/03/25/the-most-helpful-features-to-add-to-your-wedding-website-according-to-past-brides/,E91,
Recommended for you,Wedding,The Ultimate Honeymoon Packing List,https://www.stylemepretty.com/2019/06/07/the-ultimate-honeymoon-packing-list/,E92,https://imgur.com/PFbktDr
Recommended for you,Wedding,The Ultimate Vendor Tipping Guide,https://www.stylemepretty.com/2019/06/14/the-ultimate-vendor-tipping-guide/,E93,https://imgur.com/lYibAX9
Recommended for you,Wedding,Up Your Floral Game With These Trending Wedding Flower Ideas,https://www.stylemepretty.com/2018/03/19/trending-wedding-florals/,E94,https://imgur.com/fLS3sR2
,,,,,
How To's,Photo,Fixing Photography,https://medium.com/@Zimberoff/disrupting-stock-photography-fffe1c7d5b99,E95,https://imgur.com/a7YByUw
How To's,Photo,Optimize Google My Business: How to Use Identity Photos,https://blog.reachlocal.com/how-to-optimize-your-google-my-business-information-using-identity-photos,E96,https://imgur.com/BV218ye
How To's,Photo,The Importance of Good Photography to Market Your Business - Posse Social Media,https://possesocialmedia.com/the-importance-of-good-photography-to-market-your-business/,E97,https://imgur.com/db2HdNy
How To's,Photo,In Their Own Words: Why Top Photographers Use Photoshop,https://www.creativelive.com/blog/why-photographers-use-photoshop/,E98,https://imgur.com/jfoVHjY
How To's,Photo,BEST VSCO EDITING TUTORIAL EVER!!!,https://youtu.be/r2wL56xnwKs,,
How To's,Photo,VSCO + Afterlight | Simple Editing Tutorial,https://youtu.be/ivYgYQ_coIM,,
How To's,Photo,Editing Photos On PicMonkey.com,https://youtu.be/vFEc5j2We2Y,,
How To's,Photo,Photo Editing for Beginners - Easy Tips,https://youtu.be/tLvz4QIiTno,,
How To's,Photo,Adobe Photoshop Tutorial : The Basics for Beginners,https://youtu.be/pFyOznL9UvA,,
How To's,Website,Six Important Reasons To Redesign Your Website,https://www.forbes.com/sites/forbescommunicationscouncil/2017/06/13/six-important-reasons-to-redesign-your-website/#3c7062c47853,E99,https://imgur.com/JbWrZn3
How To's,Website,How to Create A Starter Website For Your Business | Small Business BC,https://smallbusinessbc.ca/article/create-starter-website-business/,E100,https://imgur.com/g0Zwa3k
How To's,Website,Why Local Businesses Will Need Websites More than Ever in 2019,https://moz.com/blog/local-businesses-need-websites,E101,https://imgur.com/C1AHk0U
How To's,Website,Shopify Tutorial For Beginners - Create An Online Shopify Store 2019,https://youtu.be/E58ZVwOhj6c,,
How To's,Website,New Wix Tutorial! How to Make a Stunning Website!,https://youtu.be/6Q4737kSSzA,,
How To's,Website,How to Make a Website?,https://youtu.be/t3pz8ZIkLdY,,
How To's,Website,How to Make A Website for Beginners | TECH TALK,https://youtu.be/JKxOFCnM3fQ,,
How To's,Website,How To Create a Squarespace Website - Bedford,https://youtu.be/i5EBcGMqDp4,,
How To's,Logo,"Logo Design Tips, Logo News and How To Blogs | Logo Maker",https://www.logomaker.com/blog/,E102,https://imgur.com/UlTu3gF
How To's,Logo,How to Brainstorm the Perfect Logo for Your Business,https://visme.co/blog/logo-ideas/,,
How To's,Logo,What's the purpose of logos and why do they matter?,https://logogeek.uk/logo-design/why-logos-matter/,E103,https://imgur.com/0wCzhxN
How To's,Logo,5 Online Logo Makers & Generators to Design Your Brand,https://www.shopify.com/blog/online-logo-makers,E104,https://imgur.com/r89c0NZ
How To's,Logo,What makes a truly great logo,https://youtu.be/RBTiTcHm_ac,,
How To's,Logo,Why is a Professional Logo Important?,https://youtu.be/wyP8gTIXdBo,,
How To's,Graphic Design,How to Make an Infographic: A Visual Guide for Beginners [Free E-Book],https://visme.co/blog/how-to-make-an-infographic/,E105,https://imgur.com/3Vam5yY
How To's,Graphic Design,50 Beautiful Presentation Background Templates [Edit and Download],https://visme.co/blog/presentation-background/,E106,https://imgur.com/zXl1CDa
How To's,Graphic Design,A Guide to Designing Cute Quote Graphics ‚Äì Learn,https://www.canva.com/learn/guide-designing-cute-quote-graphics/,E107,https://imgur.com/PVjO9j2
How To's,Graphic Design,A Non-Designer‚Äôs Guide to Creating Memorable Visual Presentations [Free E-Book],https://visme.co/blog/presentation-design/,E108,https://imgur.com/MlaU0OH
How To's,Graphic Design,How To Use Canva - Tutorial!,https://youtu.be/WL-WbHwsbs8,,
How To's,Graphic Design,Create Facebook Ad Graphics In 60 Seconds With PicMonkey,https://youtu.be/eYwiGKy_xjg,,
How To's,Graphic Design,HOW TO CREATE A POSTER USING POSTERMYWALL,https://youtu.be/NsNLltTrMDY,,
How To's,Graphic Design,How to Create Image Graphics for Social Media that Engage and Stand Out,https://youtu.be/4OWGwacVBDA,,
How To's,Video,Ways to Create Engaging Video Content for Social Media,https://nealschaffer.com/6-powerful-ways-to-create-engaging-video-content-for-social-media/,E109,https://imgur.com/lqU7d7W
How To's,Video,6 Psychology-Backed Hacks for Making Engaging Videos,https://blog.hubspot.com/marketing/psychology-hacks-for-making-engaging-videos,,
How To's,Video,7 Video Marketing Trends to Look Out for in 2019,https://animoto.com/blog/video-marketing/video-marketing-trends-2019/,E110,https://imgur.com/cMGwwfX
How To's,Video,7 Ways to Create More Engaging Videos That Rank Higher in YouTube,https://www.entrepreneur.com/article/225791,E111,https://imgur.com/Bv4yasa
How To's,Video,13 Video Trends We're Super Excited About for 2019,https://wistia.com/learn/marketing/video-trends-2019,E112,https://imgur.com/JWaXf8r
How To's,Video,Using Video Marketing for Business | How to Grow Your Business With Video,https://youtu.be/4OvHyeAECQ0,,
How To's,Video,"Video Marketing In 2018, Maximize Video Reach On Social Media",https://youtu.be/OPvERYM62u8,,
How To's,Video,Turn Your Videos Into Instagram BANGERS! My Workflow.,https://youtu.be/dvEQiuBDSVA,,
How To's,Video,Video Editing Apps for Instagram!,https://youtu.be/DADk0_lZyVU,,
How To's,Video,How To Make Videos More Interesting,https://youtu.be/9h-PbBZqayY,,
How To's,Animation,Why Animated Video is the Best Strategy for Your Social Media,https://www.dreamgrow.com/animated-video/,E113,https://imgur.com/gzrcd75
How To's,Animation,Unleash The Power Of Path Animations With SVGator ‚Äî Smashing Magazine,https://www.smashingmagazine.com/2019/06/unleash-power-path-animations-svgator/,E114,https://imgur.com/fR1kJwq
How To's,Animation,A step-by-step guide to creating a marketing animation | Smart Insights,https://www.smartinsights.com/digital-marketing-platforms/video-marketing/animation-guide/,E115,https://imgur.com/7mOWOCr
How To's,Animation,Brand Identity: How to Build One with an Animated Marketing Video,https://mention.com/blog/build-brand-identity-animated-marketing-video/,E116,https://imgur.com/amSE1Zr
How To's,Animation,How Animation Can Become a Part of Your Digital Marketing Strategy,https://curatti.com/animation-digital-marketing-strategy/,E117,https://imgur.com/kPPcqgG
How To's,Animation,Animaker Tutorial : How to create Awesome videos using Animaker,https://youtu.be/ImTiE7_Qz9M,,
How To's,Animation,HOW TO MAKE ANIMATED VIDEOS LIKE ME!!,https://youtu.be/ft8IPX6RXuo,,
How To's,Animation,The 5 Types of Animation,https://youtu.be/NZbrdCAsYqU,,
How To's,Animation,How to Make an Animated Promo Video in 20 Minutes,https://youtu.be/0CBa66gQGBo,,
How To's,Animation,4 Best Animation Styles for Business Videos,https://youtu.be/xlOQ0ELrqTI,,
How To's,Illustration,,,,
How To's,Email,,,,
How To's,Print,,,,
,,,,,
Top Posts,Marketing/Analytics/SEO,10 Important 2019 SEO Trends You Need to Know,https://www.searchenginejournal.com/seo-trends/281053/,E118,https://imgur.com/dfq79Yi
Top Posts,Marketing/Analytics/SEO,The 8 Marketing Trends to Watch in 2019 if You Want to Stay On Top!,https://www.pixelproductionsinc.com/the-8-marketing-trends-to-watch-in-2019/,E119,https://imgur.com/l9hJlqs
Top Posts,Marketing/Analytics/SEO,5 Marketing Trends To Pay Attention To In 2019,https://www.forbes.com/sites/johnhall/2018/06/17/5-marketing-trends-to-pay-attention-to-in-2019/#2e75b01060f7,E120,https://imgur.com/kvwP1ZI
Top Posts,Marketing/Analytics/SEO,Five trends that will reshape media in 2019,https://www.marketingweek.com/2019/01/04/five-trends-media-2019/,E121,https://imgur.com/v64lwbN
Top Posts,Marketing/Analytics/SEO,US Digital Ad Spending Will Surpass Traditional in 2019,https://www.emarketer.com/content/us-digital-ad-spending-will-surpass-traditional-in-2019,E122,https://imgur.com/sBb1SAl
Top Posts,Marketing/Analytics/SEO,Image SEO is on the rise again. Here is what you need to know to stay ahead.,https://visme.co/blog/image-seo/,E123,https://imgur.com/XS8YqJu
Top Posts,Marketing/Analytics/SEO,Effective Facebook Marketing Strategies For 2019 (Live on Stage),https://youtu.be/c21cHrw5b9g,,
Top Posts,Content Marketing,5 Visual Marketing Facts You Need to Know,https://www.pixlee.com/blog/5-visual-marketing-facts-you-need-to-know/,E124,https://imgur.com/ehWZyyh
Top Posts,Content Marketing,5 Content Marketing Trends To Watch In 2019,https://www.forbes.com/sites/johnhall/2018/10/14/5-content-marketing-trends-to-watch-in-2019/#22f0ccc81202,E125,https://imgur.com/j5AlWTU
Top Posts,Content Marketing,10 Brand Marketing Trends To Watch In 2019,https://www.forbes.com/sites/michaelstone/2019/01/28/10-brand-marketing-trends-to-watch-in-2019/#489ea58e4708,E126,https://imgur.com/HH2rt9S
Top Posts,Content Marketing,The Future of Content Marketing: 10 Biggest Content Marketing Trends that Will Dominate 2019,https://www.coredna.com/blogs/content-marketing-trends,E127,https://imgur.com/wPEnf0V
Top Posts,Content Marketing,Six Content Marketing Trends For 2019,https://www.forbes.com/sites/forbesagencycouncil/2018/11/14/six-content-marketing-trends-for-2019/#496fe9705047,E128,https://imgur.com/5pkZGL0
Top Posts,Content Marketing,What is Content Marketing?,https://youtu.be/jHZNWkOnlQg,,
Top Posts,Content Marketing,Content Creation Strategies: How To Create Content Online,https://youtu.be/APQoWEqezFc,,
Top Posts,Content Marketing,What is Content Marketing?,https://youtu.be/jHZNWkOnlQg,,
Top Posts,Content Marketing,Digital Marketing Trends for 2019 Online Domination,https://youtu.be/JJCGCuUIVzc,,
Top Posts,Social Media,Five trends that will change how businesses use social media in 2019,https://business.financialpost.com/entrepreneur/five-trends-that-will-change-how-businesses-use-social-media-in-2019,E129,https://imgur.com/Hw8qKOS
Top Posts,Social Media,Why Social Media Is Important for Business Marketing | Marketing Insider Group,https://marketinginsidergroup.com/content-marketing/why-social-media-is-important-for-business-marketing/,E130,https://imgur.com/sXP7RVE
Top Posts,Social Media,The Importance of Social Media Marketing for Your Business &ndash; Gist,https://blog.markgrowth.com/3-main-importance-of-social-media-marketing-for-your-business-6a5bb167df4a,E131,https://imgur.com/lvGFkrm
Top Posts,Social Media,How to Choose the Best Memes for Social Media Marketing,https://visme.co/blog/best-memes/,E132,https://imgur.com/59mQqbp
Top Posts,Social Media,The 7 Biggest Secrets Of Social Media Influencers,https://www.forbes.com/sites/jaysondemers/2018/03/17/the-7-biggest-secrets-of-social-media-influencers/#7ba1dc4226a9,E133,https://imgur.com/P6hhKYA
Top Posts,Social Media,27 of the Best Social Media Infographic Tips (You Will Wow Your Followers),https://visme.co/blog/social-media-infographic/,E134,https://imgur.com/rZyh8n1
Top Posts,Social Media,Social media marketing trends 2019,https://www.smartinsights.com/social-media-marketing/social-media-strategy/social-media-marketing-trends-2019/,E135,https://imgur.com/ClzR1Hf
Top Posts,Social Media,13 Proven Social Media Marketing Tips for Small Businesses & Entrepreneurs,https://youtu.be/q_RVYMN2SB8,,